TWName,TMDBID
緊急迫降,626872
機密同盟2,736820
音爆浩劫,774548
樂透大作戰,821153
魔女二部曲：另一個她,615173
嬰兒轉運站,736732
犯罪都市2,619803
外星+人,601796
行動代號：狼狩獵,799379
獵首密令,727340
語意錯誤電影版,993885
分手的決心,705996
極速快遞,606403
局中局,634595
SEVENTEEN POWER OF LOVE : THE MOVIE,946615
厄憶追凶,633374
金派特務,629028
PHANTOM: THE MUSICAL FILM,Not Found
韓山島海戰,588108
晝盲神探,806128
NCT DREAM THE MOVIE : In A DREAM,1038198
整形帝王,717090
邪門,1033667
非常殺手,938008
獵魂者,602295
燃燒烈愛,491584
緣來大飯店,821661
失控正義,65760
共感頻率,962489
無間對決,610321
人生真美麗,616670
界限,718289
空氣殺人,731684
政客誠實中2,795276
衝鋒戰士劇場版：翁法洛斯島的秘密,577205
奇怪的數學家,628802
超跑斯特拉,630217
死亡預報,626129
碰碰狐音樂電影:奇幻城嘉年華,1042808
王者製造,573787
花路阿朱媽,958937
遊走塵市間,Not Found
為人民服務,743814
笑子當老大,817557
茲山魚譜,581390
亡命陷阱,840528
引言,795797
春川神秘中邪事件,817480
無人之境,589713
在你面前,820517
小說家電影,928713
阿爸休假中,743475
時間之舞,Not Found
閨蜜大狂殺,934207
花果飄零,889507
浮生,1207123
海鷗來過的房間,1029149
黎巴嫩的天空,Not Found
聽見心嘻望,575764
瑪雅蜜蜂大冒險：守護小金蛋,681260
PINA,57276
詭棋,934957
米婭的精靈王國,955644
再見列寧！,338
非戀人絮語,567927
永別了，柏林,620498
自然就樹美,Not Found
我是你的完美男友,795813
逃出風暴,Not Found
鄰危不亂,681349
趴兔青春期,871530
指考風暴,852457
泳漾水男孩,739323
熟女解放中,607442
騎趣環世界,Not Found
型男斷捨離,546630
人性遊戲,776542
蘿拉快跑,104
危雞總動員,Not Found
達賴喇嘛:大腦故事 ,Not Found
請為我在羅馬多留一天,Not Found
非甜蜜生活,608980
真愛超能力,612491
洞,47060
愛在書店相遇時,654344
隔離巢,752616
戰地夜曲,Not Found
星夢性快感,592695
阿哈：帶我走,655738
瑞士鐘錶師,749136
女孩與蜘蛛,517815
妖街皇后,230141
愛你讓我自由,835975
黑貓白貓：4K數位修復版,Not Found
替屍鬼2：詛咒再臨,1016737
鬼電梯,760522
越驚,930478
祖怨,947890
迷霧中的孩子,893030
逃出奧斯威辛,717694
喬治亞天空下 ,795815
慕夏狂潮：從崛起到永恆,Not Found
勇鼠闖天堂,588890
浪浪回家路,725133
野蠻人入侵,796151
亞馬遜守護者：安珀傳奇,588921
格列佛遊記：重返小人國,763539
沒有煙硝的日子,913760
2gether電影版：只因我們天生一對,810406
猛鬼大學：第2學期,939879
鬼單眼,947514
凝弒,Not Found
魔蟲禁區,949697
淒厲人僧：卡到陰,937743
愛情需要編劇,922378
愛在暹邏：數位經典版,Not Found
記憶,77
波米叔叔的前世今生,38368
超級蜥蜴王,947049
世界上最爛的人,660120
愛重奏,530154
詭孩,660942
忍者寶寶,654074
秋月,26855
梅艷芳,848788
怒火,513692
神探大戰,543504
麥路人,640092
花樣年華 4K數位修復版,Not Found
春光乍洩,18329
重慶森林 4K數位修復版,Not Found
墮落天使  4K數位修復版,Not Found
阿飛正傳,18311
胭脂扣,68883
飯戲攻心,851800
智齒,591222
少年,575813
G風暴,814785
阮玲玉,68004
英雄本色,11471
闔家辣,851798
霸王別姬,10997
媽的星寵兒,942171
七人樂隊,537761
憂鬱之島,924120
邊緣行者,941132
秋天的童話,64015
繼園臺七號,616020
正義迴廊,1005251
美少年之戀,27060
喜歡妳是妳,876189
一路瞳行,838119
無間道,10775
失衡凶間,988900
玫瑰的故事,255860
流金歲月,255856
心裏美,987446
愛在他鄉的季節,Not Found
海上花,45935
遇上1967的女神,Not Found
無間道II,11647
無間道III：終極無間,14310
過時·過節,1021734
出租女友,876823
流浪者之歌,861947
卡拉之歌,2143
時代革命,850884
末代皇帝（數位修復版）,Not Found
們,1100099
發條橘子,185
瘋狂富作用,497828
鯊顫,960258
餐廳失控夜,807196
士兵與軍官,797838
伊恩•麥克連 80歲個人秀巡迴演出（英國國家劇院現場）,Not Found
極限逃殺,924482
如果驢知道,785398
算牌手,643532
法蘭克札帕：從前衛到當代,Not Found
我們的英搖時光,624793
愛上費加洛,508444
羅密歐與茱麗葉（英國國家劇院現場）,Not Found
裸體午餐,2742
初步舉證,Not Found
超速性追緝,884
利奥波德城（英國國家劇院現場）,Not Found
性愛成癮的男人,76025
丹尼爾約翰斯頓：魔鬼詩篇,Not Found
遮蔽的天空,24016
瑪莉娜的512小時,816344
波西米亞人（英國皇家歌劇院）,Not Found
馬克白（英國皇家歌劇院）,Not Found
山那邊的青稞田,496404
夢迴西藏：軍官與達賴喇嘛,Not Found
偷香 數位修復版,Not Found
曼儂‧雷斯科（英國皇家歌劇院）,Not Found
大製片家,844176
毫無意義,42035
兩情世界,Not Found
打擊驚魂,Not Found
小心女人,1166487
捍衛戰士: 獨行俠,361743
蜘蛛人：無家日,634649
阿凡達：水之道,76600
侏羅紀世界: 統霸天下,507086
永恆族,524434
黑豹 2：瓦干達萬歲,505642
奇異博士2：失控多重宇宙,453395
雷神索爾：愛與雷霆,616037
金牌特務：金士曼起源,476669
猛毒2：血蜘蛛,580489
沙丘,438631
007 生死交戰,370172
尚氣與十環傳奇,566525
黑亞當,436270
小小兵2:格魯的崛起,438148
蝙蝠俠,414906
怪獸與鄧不利多的秘密,338953
子彈列車,718930
秘境探險,335787
脫稿玩家,550988
媽的多重宇宙,545611
駭客任務：復活,624860
月球隕落,406759
惡靈古堡首部曲：拉昆市,460458
魔比斯,526896
黑寡婦,497698
巴斯光年,718789
尼羅河謀殺案,505026
魔法滿屋,568124
微笑,1100782
歡樂好聲音 2,438695
失落謎城,752623
劫命救護,763285
孤兒怨2：最黑暗的過去,760161
GUCCI：豪門謀殺案,644495
壞蛋聯盟,1329336
汪汪隊立大功電影版,675445
幸福入場券,800939
音速小子 2,675353
五星饗魘,593643
厲陰宅3：是惡魔逼我的,423108
阿凡達 ,19995
不!,762504
DC超級寵物軍團,539681
捍衛救援,634528
路卡的夏天,508943
魔鬼剋星：未來世,425909
夜路,597208
貓王艾維斯,614934
法蘭西特派週報,542178
寶貝老闆：家大業大,459151
墜,985939
殺手保鑣2,522931
決戰38度線,653851
黑光行動,823625
密弒遊戲2：勝者危亡,585216
疾厄,619778
鬼禱,676547
闇黑電話,756999
超吉任務,648579
以你的名字呼喚我,398818
哈利波特：神秘的魔法石,671
暫時停止呼吸2,482373
疾凍救援,646207
暴戾夜,899112
355：諜影特攻,522016
天兵阿榮,482321
奇異冒險 ,877269
驚聲尖叫,41446
迷離夜蘇活,576845
王者理查,614917
沼澤謀殺案,682507
阿姆斯特丹,664469
月光光新慌慌：萬聖殺,610253
夢想之地,615643
阿達一族 2,639721
拉辛正傳,601635
大紅狗克里弗,585245
別擔心親愛的,619730
記憶殺神,818397
月光光新慌慌：萬聖結,616820
史賓賽,716612
鞋貓劍客 2,315162
骨肉的總和,791177
三千年的渴望,556694
哥兒們,614939
鹿魔,516329
最後的決鬥,617653
看你往哪跑,766475
西城故事,511809
獸,1144962
捍衛戰士,361743
喜悅：達賴喇嘛遇見屠圖主教,836723
娶我吧!,615904
世紀婚魘,830788
天黑請斃命,520023
2001太空漫遊,62
王牌冤家,38
毛骨悚然：惡魔重生,717728
死間行動,661231
刀鋒劍客,366672
鬼店,694
救命緝約,628900
與你共舞,696157
蜘蛛人：無家日 戲院加長版,Not Found
她有話要說,837881
達賴的一生,9746
天劫高手,842942
絕命通話,764835
說不出的告別,536396
貝爾法斯特,777270
黑特冤家,603661
驚爆倒數60分鐘,888195
看不見的殺機,825808
絕命線阱,979924
驅神,836225
逍遙上路,626735
八月三十一日，我在奧斯陸,75233
俠探特攻：全面追緝,1024546
終極堡壘,826749
終極攻佔,718949
金甲部隊,600
地球重生,760873
獵殺戰場,733317
生命理賠師,649394
俠探特攻：贖罪行動,1035803
玩命獵殺,628878
完美的敵人,655917
大開眼戒,345
午後彌撒 ,423333
危城行動,762433
劫獄救援,818192
終極交戰,864116
齊瓦哥醫生,907
全面掃蕩,689700
朝聖之路：聖雅各,59468
詭謎藏,801271
殺戮基地,848123
爽賺姐妹,628914
情聖西哈諾,730047
四個好日子,641960
心碎效應,844398
蘿莉塔,9769
探戈行不行,Not Found
終極夜路,916821
終極包圍戰,766907
通靈女校,641668
進擊的地才,821427
投機者樂團：愛的鼓勵,Not Found
終極狩獵團,763164
公共圖書館員,331986
盜夢睡務員,Not Found
最後的生存者,789171
鱷魚歌王,830784
終極堡壘2,883502
BJ單身日記,634
美國舞孃,10802
異類崛起,850099
魔境夢遊,12155
殲獄行動,811592
貓爸爸們,896689
超級救援狗,577721
藝術恐怖份子 班克斯,Not Found
深海獵奇,17700
圓滾滾藝術家-費爾南多·波特羅,Not Found
馬達加斯加：狐猴之島,Not Found
最後的冰川,Not Found
不可侵犯：溫斯坦性醜聞,Not Found
為所應為,925
哈勃望遠鏡,Not Found
小行星獵人,Not Found
回歸野性,Not Found
海底世界,1306218
大熊貓,676685
高原上的家屋,913820
地下社會,11902
鬼保母,575088
絕命第19排,659384
致命最前線,579831
逃出封鎖線,597859
心悸效應,575072
大尉叛逃記,818621
獵空計畫,818415
核爆車諾比,589761
鏡子,1396
潛行者,1398
月影歸途,987424
鬼雙胞,477462
反恐行動：獨立日,655302
當女孩戀愛時,683363
孵魔,517302
朵貝的愛情繪本,608232
不看鐵達尼號的男人,716855
拜金女王的性愛派對,881764
機遇之歌：數位修復版,Not Found
大獲拳勝,845875
永遠的一天,24858
鸛鳥踟躕,Not Found
燃燒女子的畫像,531428
蝙狐俠：英雄覺醒,746333
天才貓奴畫家,617762
黑盒線索,663260
鈦,630240
正發生,793998
藍色情挑 經典數位修復,Not Found
死噬,955569
紅色情深 經典數位修復,Not Found
白色情迷 經典數位修復,Not Found
今敏：造夢魔術師,809488
小獅子王,892527
親愛的童伴,749004
友你才精彩,757999
拆彈倒數30分鐘,827887
席琳狄翁外傳：愛的力量,498402
艾菲爾情緣,655082
失業風暴,601188
好好說再見,654323
一屍到底：法屍浪漫,852438
最後一件晚禮服的秘密,719463
就在今夜,895659
玩命光頭,826218
柏格曼的島,477044
巴黎夢想家,660000
天堂計劃,735726
失速母親,833417
密室譯戰,477018
尋子風暴,750253
我的神秘狼朋友,754067
春日小戀曲,712134
降臨節日曆,762079
雙面薇若妮卡 經典數位修復,Not Found
烈火少女（英文版）,Not Found
來自巴黎的情書,833428
消失的達文西,Not Found
全面開戰,458156
四百擊,147
一萬個叢林夜,695089
瑪歌皇后 數位修復版,Not Found
書情話慾,774343
有你就是家,914203
斷了氣,269
越界分身,659988
情慾告白,526811
破碎的琴鍵,712128
夏日之戀,1628
影像之書,414030
仰望星空的少年,712178
豪門媳婦日記,660955
藍色是最溫暖的顏色,152584
最後地下鐵,1716
喀布爾之燕,582881
屠女養成記,757341
幸福知音,809733
美好的早晨,747779
安妮詩快跑,781453
真實世界,664506
阿爾發城,8072
抓狂養老院,736500
狂人皮耶洛,Not Found
她和她的小主廚們,845140
賴活,1626
芳名卡門,Not Found
我所知道她的二三事,8074
男性，女性,4710
執愛不悔,594691
夜色中的她,810677
破膽三次,11298
索蘭琪的少女心事,749107
追憶似水年華 數位修復版,Not Found
往事追憶錄,Not Found
蓋爾芒特家情事,Not Found
衡量一個人,Not Found
一路上有妳,589985
築愛巴黎,582886
塞瑟島之旅,47792
希臘二部曲：時光灰燼,51735
獵人,539972
尤里西斯生命之旅,Not Found
養蜂人,Not Found
霧中風景,47795
夢想裁縫師,764810
三六年的歲月,Not Found
流浪藝人,Not Found
平行母親,766798
丟包大作戰,755437
瘋狂競賽片,668640
雙子謀殺案：白城之寂,542917
放牛班足球隊,954748
湯恩與劍客汪汪隊,768726
遺屍物,946706
蝸牛之家,772148
瀕臨崩潰邊緣的女人 經典數位修復,Not Found
慾望法則 經典數位修復,Not Found
我造了什麼孽 經典數位修復,Not Found
櫻櫻大日本,1012540
 修女夜難熬 經典數位修復,Not Found
米其林母子檔,Not Found
梵天神器：滅世開端,496331
偉大的印度廚房,786064
天堂電影院,821494
鬼搖靈2：陰語陣陣,925786
娜娜：逝水年華,859933
懾影屍,655363
忌妒的藍圖,574078
親愛的母親,78182
天菜特警,792775
何處是我朋友的家？,49964
櫻桃的滋味 數位修復版,Not Found
橄欖樹下的情人,47104
生生長流,83761
我不是英雄,672208
風帶著我來 數位修復版,Not Found
贖罪風暴,669401
禁止下錨+海中網+妹妹+庭中有奇樹,Not Found
沉默呼聲,888602
麥特與麥斯,519141
未來犯罪,819876
親情解鎖,554761
他奶奶的變裝皇后,740963
藥命回憶,522406
怪胎英雄：奇克探險記,778855
鬼滅之刃劇場版 無限列車篇,635302
劇場版 咒術迴戰 0,810693
航海王劇場版 : 紅髮歌姬,900667
名偵探柯南 萬聖節的新娘,903939
刀劍神域劇場版 –Progressive- 無星夜的詠嘆調 ,761898
刀劍神域劇場版 –Progressive- 陰沉薄暮的詼諧曲,893712
蠟筆小新：幽靈忍者珍風傳,955666
紫羅蘭永恆花園電影版,533514
普羅米亞,553600
蠟筆小新：謎案！天下春日部學院的怪奇事件,795564
關於我轉生變成史萊姆這檔事劇場版 紅蓮之絆篇,876792
餘命10年,876797
神隱少女,129
我的英雄學院劇場版：世界英雄任務,768744
角落小夥伴電影版：藍色月夜的魔法之子,877840
龍貓,8392
通往夏天的隧道，再見的出口,916192
七龍珠超：超級英雄,610150
電影版 如果30歲還是處男，似乎就能成為魔法師,926916
電影哆啦A夢：大雄的宇宙小戰爭 2021,782054
新‧超人力霸王,634429
藍色恐懼：4K數位修復版,Not Found
在車上,758866
天空之城,10515
電影版 搖曳露營△ ,566466
嵐 5x20演唱會電影～回憶全記錄～,Not Found
輝夜姬想讓人告白－永不結束的初吻,997317
擅長捉弄人的高木同學劇場版,938567
劇場版 五等分的新娘,820067
即使，這份戀情今晚會從世上消失,977871
破案天才伽利略：沉默的遊行,956564
《屁屁偵探: 舒芙蕾島的秘密》,843247
Fate/Grand Order -終局特異點 冠位時間神殿所羅門-,829920
名偵探柯南：大怪獸哥梅拉VS假面超人,925492
《少女與戰車 最終章》第1+2話,Not Found
東京教父:4K數位修復版,Not Found
寶可夢：皮卡丘與可可的冒險 ,662708
我讓最想被擁抱的男人給威脅了 劇場版～西班牙篇～,820530
偶然與想像,795811
劇場版FREE! 男子游泳部–the Final Stroke–後篇,823417
迴咒師ー塩子的誕生,1022197
《少女與戰車 最終章》 第3話,746880
劇場版 歌之☆王子殿下♪真愛KINGDOM,582666
假面飯店2：假面之夜 ,824202
灌籃高手 THE FIRST SLAM DUNK,783675
劇場版FREE! 男子游泳部–the Final Stroke–前篇,738091
劇場版 歌之☆王子殿下♪ 真愛ST☆RISH TOURS,Not Found
犬王,642538
電影版 昨日的美食,824362
電影版 99.9 不可能的翻案,923526
讓我聽見愛的歌聲,741335
電影版 DEEMO 櫻色旋律 —你所彈奏的琴音 至今仍在迴響—,Not Found
魔仿犯,808667
極速甩尾,983866
魔法水果籃 -前奏曲-,896499
牛首村,854006
北齋：浮世繪傳奇,698215
特『刀劍亂舞-花丸-』～雪之卷～,978039
電影版 奇巧計程車：撲朔謎林,Not Found
花束般的戀愛,695932
天使降臨到我身邊！珍貴的朋友,966709
假面騎士劇場版　對決！超越新世代,Not Found
特『刀劍亂舞-花丸-』～華之卷～,1081641
特『刀劍亂舞-花丸-』～月之卷～,1081640
青春電幻物語：數位修復版,Not Found
急急復雞雞,899743
尋人啟弒,874476
劇場版 超時空要塞F~虛空歌姬~,48625
GIVEN~被贈與的未來 劇場版：反面的存在,Not Found
詛咒,1087822
愛國女子─紅武士道,Not Found
接棒家族,853731
燃燒的劍,726894
信用詐欺師JP：英雄篇,930432
劇場版 超時空要塞F~戀離飛翼~,60964
電影 K-ON！輕音部,120811
輪到你了 劇場版 ,915295
那些得不到保護的人,794719
如月車站,959439
螢火蟲之墓,76826
電影版 後空翻少年!!,Not Found
鹿王,633844
超慄方殺陣,792678
極道主夫 電影版,Not Found
漁港的肉子,781816
今天也要用便當出擊,514880
再見了，橡果兄弟！－奇蹟的暑假－,846993
萌男友是柑橘色,996499
花與愛麗絲：數位修復版,Not Found
夏日幽靈,798544
xxxHOLiC 次元魔女,901410
青春特調蜂蜜檸檬蘇打,853821
末日救世主,996666
天才狂歡派對：首部曲,Not Found
婚顧女王,912632
七五計劃,958487
睡著也好醒來也罷,487850
怪獸死了怎麼辦,831920
太陽與波麗露,1037696
鳩的擊退法,844225
Ｎ号棟鬧鬼,938133
大逃殺 4K數位修復版,Not Found
春心萌動的老屋緣廊,963131
葬禮,42095
麵包超人電影版：多洛林與妖怪嘉年華,Not Found
蒲公英,11830
河畔小日子,749927
決戰星期天,863857
流浪之月,849786
歡樂時光（上）,Not Found
燕尾蝶：數位經典版,Not Found
垃圾頭,464768
天才狂歡派對：最終章,77248
魔神英雄傳 七魂的龍神丸 -再會-,1015361
劇場版 弦音 ─初始的一射─,756234
TANG,804593
救救旱鴨子,956450
歡樂時光（下）,Not Found
電影版 狂賭之淵2：絕體絕命俄羅斯輪盤,742396
邪惡的孩子,958017
沒說出口的殺人告白,735409
還有愛的日子,927594
性徒,781732
妖獸都市1987 劇場版,Not Found
鳶,794721
線，畫出的我,961266
第一人夫,756198
輝耀姬物語,149871
熊貓家族+熊貓家族 - 雨中的馬戲團,123867
龍馬！新生網球王子劇場版（決勝版）,Not Found
龍馬！新生網球王子劇場版（榮耀版）,Not Found
Fate/stay night - 無限劍製,46304
劇場版信號：長期未解決事件搜查班,Not Found
偷情連載中,810587
兒時的點點滴滴,15080
噪音,744594
調職令是警察樂隊！,961381
劇場版「黃金拼圖Thank you！！」,693853
海岬的迷途之家,760758
平成狸合戰 ,15283
月影,173083
魔幻時刻,46361
四季拉麵物語,809695
魚之子,952438
露草,954094
總編的復仇,744714
好想傳達你的聲音,461078
我想被高中女生殺死,960312
只是現在不走運而已,Not Found
修羅天魔~骷髏城之七人．極 （新感線舞台劇）,Not Found
告白,54186
聖地X,950282
瀧澤歌舞伎 ZERO 2020 THE MOVIE,859323
戀之光 ,993782
錯位的青春,810674
幽靜的山荷葉,859798
每天上班總是累得要死,890326
由宇子的天秤,741648
如果30歲還是處男，似乎就能成為魔法師【後篇】,Not Found
對某飛行員的追憶,93013
如果30歲還是處男，似乎就能成為魔法師【前篇】,Not Found
隔壁的山田君 ,16198
鬼壓床了沒,130023
在我和天空之間,Not Found
青凪大學體育會航空部劇場版,Not Found
臥底型警FINAL,845611
相撲道,832848
我的夏日大戀習,Not Found
通往異世界的便利店,995387
美國女孩的日本日記,Not Found
心情直播不NG,102227
說不出口的愛,1045205
神隱少年狼,876906
夢境診斷與恐怖體驗,1011873
有頂天大飯店,112903
東京物語,18148
晚春,117646
戀上笨拙的你,Not Found
愛情在車上,1003706
國士無雙,146126
天堂髮廊,782648
無法無天,598
漂浪人生,680813
《爆裂戰警》,711017
河北臺北+講話沒有在聽,Not Found
月老,783740
咒,864370
聽見歌 再唱,793392
我吃了那男孩一整年的早餐,839294
五月天 人生無限公司,601434
流麻溝十五號,1005555
瀑布,852355
少年吔,943737
民雄鬼屋,931894
頭七,918035
想見你,730154
素還真,925725
美國女孩,878987
罪後真相,1007962
噩兆,917717
你在我心上,1025086
哈勇家,975812
少年吔，安啦！,205464
一杯熱奶茶的等待,876648
科學少女,957112
初戀慢半拍,933785
再說一次我願意,846517
男人與他的海,764425
我心我行,1006694
神人之家,937356
童話·世界,939475
一家子兒咕咕叫,899460
青春弒戀,796155
該死的阿修羅,880156
魔法阿媽 4K數位修復版,Not Found
售命,942953
一家之主,769802
小藍,975575
鱷魚,830784
尋找神話之鳥,984997
他還年輕,1005979
台灣男子葉石濤,987422
女優 摔吧！,975814
野夏天,931885
諸葛四郎─英雄的英雄,844658
不想一個人,72660
嗨！神獸,740823
有你相伴的旅程,Not Found
愛別離苦,946267
青春換日線,939287
廢棄之城,767246
老鷹之手,891566
藏匿處,936286
孫行者傳,1026182
回眸,1004017
大俠胡金銓 第一部曲—先知曾經來過,1005981
舞徑,1017006
沒有人該成為孤島,927480
妖果小學─水果奶奶的大秘密,1016207
期末考,810020
大俠胡金銓 第二部曲—斷腸人在天涯,Not Found
兜兜風,762361
徘徊年代,829584
逆者,868682
高山上的熱氣球,893252
再會啦  白宮,985569
教練,960450
詭祭,660001
願未央,816752
影子背後,1003994
給阿媽的一封信,874781
費爾的旅程,979440
削瘦的靈魂,802519
我記得,302528
修行,877246
文林銀行,900843
臥虎藏龍,263341
KULO,1009987
夏日天空的那匹紅馬,814174
還孩子做自己,1153451
我永遠永遠永遠愛你,1009977
綠色牢籠,878010
關於，半夜夢見林默娘乘著海湧把垃圾全丟進我的未來這件塑，好像是真的,1025309
有時 Mama，有時 Mimi,1009995
一起一起,704239
稻浪上的夢想家,1200506
聖石傳說,24614
17歲的天空 4K數位修復版,Not Found
家家,611698
全明星星光音樂會,Not Found
無邊,1126357
失序正義,1039769
不老騎士-歐兜邁環台日記,137686
勸世三姊妹：大銀幕特別版,1035872
格瑞特真相,798092
黑的教育,741329
幻日手記 ,900062
北將七,939939
如霧起時,979383
奼紫嫣紅開遍,375281
如夢,220584
如歌的行板,376514
兩地,246400
西部來的人,316569
1918,74107
化城再來人,865824
寶島大夢,484574
朝向一首詩的完成,865819
尋找背海的人,865831
獨自寂寞+少年阿堯+午後+看海,Not Found
逍遙遊,865828
無岸之河,876148
讀中文系的人,876136
破輪胎,278445
東西,792307
我這樣過了一生,256133
香蕉天堂,262831
風中家族,356701
我城,375538
紅柿子,262828
送報伕/不屈的魂靈—楊逵,Not Found
台灣新文學之父—賴和/安安靜靜林雙不,Not Found
第一爐香,660002
藍宇,27062
你好，李煥英,758891
于堇：蘭心大劇院,497834
野馬分鬃,712164
奪冠,638032
如果有一天我將會離開你,843441
四海,827689
郊區的鳥,537867
溫暖的抱抱,Not Found
這個殺手不太冷靜,923192
李茂扮太子,903125
不丹是教室,627087
大象席地而坐,499556
不可能的任務：致命清算 第一章,575264
關於我和鬼變成家人的那件事,983883
玩命關頭 X,385687
超級瑪利歐兄弟電影版,502356
鈴芽之旅,916224
捍衛任務4,603692
名偵探柯南 黑鐵的魚影,1047041
奧本海默,872585
Barbie芭比,346698
蒼鷺與少年,508883
變形金剛：萬獸崛起,667538
星際異攻隊3 ,447365
閃電俠,298618
水行俠 失落王國 ,572802
蟻人與黃蜂女 : 量子狂熱,640146
巨齒鯊2: 海溝深淵,615656
元素方城市,976573
蜘蛛人：穿越新宇宙,569094
龍與地下城：盜賊榮耀,493529
驚奇隊長 2 ,609681
富都青年,1027982
粽邪3 :鬼門開,1033667
旺卡,787699
請問，還有哪裡需要加強,1016392
「鬼滅之刃」上弦集結，前進刀匠村,1067282
私刑教育3,926393
飢餓遊戲：鳴鳥與游蛇之歌,695721
GT：跨界玩家,980489
新次元！蠟筆小新電影超能力大決戰～飛吧！手卷壽司～,1059572
鬼修女II,968051
小美人魚,447277
汪汪隊立大功：超級大電影（國語版）,Not Found
周處除三害,1046090
印第安納瓊斯：命運輪盤 ,335977
電影哆啦A夢：大雄與天空的理想鄉,1030587
窒友梅根,536554
玩命特攻：武演行動,739405
做工的人電影版,1026559
女鬼橋2：怨鬼樓,999087
我的婆婆怎麼把ＯＯ搞丟了,1027867
我的麻吉4個鬼,993092
拿破崙 ,753342
化劫,977209
速命道,1012267
A.I.創世者,670292
藍甲蟲,565770
沙贊！眾神之怒,594767
迫降危機,646389
浴血任務4,299054
威尼斯魅影謀殺案,945729
BIG,2280
詐團圓,1022862
奪魂鋸X,951491
陰兒房：鬼門陰深處,614479
犯罪都市3,955555
鏡之孤城,942881
水泥烏托邦：末日浩劫,729854
怪物,1050035
惡女,1047003
星願,1022796
疫起,1040284
查無此心,1006763
鬼玩人：復活 ,713704
本日公休,956288
悲情城市,49982
花月殺手,466420
絕地營救,882569
屁屁偵探 : 天才惡人屁屁亞蒂,952083
BLUE GIANT 藍色巨星,887870
邪厄,977177
山中森林,991898
山椒魚來了,1064787
名偵探柯南 灰原哀物語〜黑鐵的神祕列車〜,1058906
泰勒絲 | 年代巡迴演唱會電影,Not Found
老狐狸,1006012
大法師:信徒,807172
我最愛的笨男人,1080494
車頂上的玄天上帝,996108
梵蒂岡驅魔士,758323
超難搞先生,937278
佛萊迪餐館之五夜驚魂,507089
幽靈公館,616747
小曉,1005996
AIR,964980
正宗巨齒鯊,890771
我的鯨魚老爸,785084
爆復,762430
超危險保鑣,897087
自由之聲,678512
坎達哈行動,717930
珍愛硬起來,884605
65：恐怖行星,700391
巴比倫,615777
忍者龜：變種大亂鬥,614930
他馬克老闆,1022108
屍禁,11683
金手指,823598
鬼出櫃,532408
青春豬頭少年不會夢到嬌憐外出妹,1056803
赤心巔峰,1168337
之前的我們,666277
掃毒3：人在天涯,1093485
貴公子,1057001
鬼車站,844386
吸血鬼特助：雷菲爾,649609
鬼手鬼手 請開口,1008042
人肉搜索2：失蹤搜救,768362
南方，寂寞鐵道,1021768
逃出寧靜海,753091
火線交涉,606400
天龍八部之喬峰傳,990140
魔髮精靈：樂團在一起 ,901362
新世紀福音戰士新劇場版：終,283566
鐵達尼號 25周年重映版,Not Found
青春豬頭少年不會夢到紅書包女孩,1086591
成功補習班,1036397
驚聲尖叫 6,934433
贖命救援,581395
12.12：首爾之春,919207
數碼寶貝02 THE BEGINNING,872976
日麗,965150
金牌拳手III ,677179
新．假面騎士,813477
變身少女露比,1040148
無聲夜,891699
魔女宅急便,16859
巧虎電影　巧虎與塔魯王子,Not Found
小行星城,747188
恐怖感恩劫,1071215
劇場版IDOLiSH7-偶像星願- LIVE 4bit BEYOND THE PERiOD<DAY2>,Not Found
風再起時,531379
笨錢效應 ,792293
送葬人,1113119
鬼打牆,709631
GRIDMAN UNIVERSE,915403
BTS: YET TO COME IN CINEMAS,1063453
電影版 勿說是推理,1064669
復仇狗聯盟,912908
敲敲門,631842
TÁR 塔爾,817758
我和我的賽車老爸,975810
劇場版城市獵人：天使之淚,1056133
劫婚大作戰,758009
劇場版IDOLiSH7-偶像星願- LIVE 4bit BEYOND THE PERiOD<DAY1>,Not Found
千萬別開門,813079
催眠狙擊,536437
電影版 佐佐木與宮野 畢業篇,Not Found
My SHINee World,1148154
守護黑面琵鷺,1084783
伊尼舍林的女妖,674324
法拉利,365620
靈魂伴侶,617882
雪后奇緣,898230
人犬,944401
惡靈古堡：死亡島,1083862
不能流淚的悲傷,1077310
消失的紫斑蝶,1096018
青春並不溫柔,1006024
僕愛君愛：致深愛妳的那個我,874745
熊蓋毒,804150
下一球，勝利,621587
MAMAMOO：MY CON THE MOVIE,1137172
美麗的他電影版,1064662
夢行者保羅,823482
僕愛君愛：致我深愛的每個妳,874743
幽魂娜娜：重生,1066423
30日,1052433
限時追捕,605886
禍亂：地下秩序,1028684
8釐米：詛咒影帶,977155
一個人的朝聖,844409
年少日記,957863
鬼6怨,1168166
沒有國家的冠軍,581394
別叫我”賭神”,741600
殺手迴戰,876969
詐騙女王,941045
喵喵博物館,923579
附身,653615
親愛的大衛,609768
神鬼海底撈,783110
胡桃鉗與魔笛公主的奇幻冒險,589759
雉岳山怪談,987540
我的幸福婚約,1037348
收陰機,1017063
保護者,656156
鬼噤聲,1018518
駭人骨娃娃,1008005
劇場版 少女☆歌劇 Revue Starlight,645440
SEE HEAR LOVE 看不見聽不見也愛你,1124341
IU CONCERT: THE GOLDEN HOUR,1165656
撼山河 撼向世界,1168336
斷網,741602
九槍,1029179
首爾怪談,957154
歡迎來到駒田蒸餾所,1119211
溟溟,1006683
岸邊露伴在羅浮,1069813
紳探追緝令,848198
全羅道少年殺人事件,714651
日子,161285
忌怪島,1114205
法貝爾曼,804095
偉大的十四世：達賴喇嘛,Not Found
電梯遊戲,1015303
幻影,211755
鬼郵輪：瑪麗皇后號,977013
王立宇宙軍～歐尼亞米斯之翼～：4K數位修復版,Not Found
鬼夢遊,964592
我的天堂城市,1007976
水鬼,9009
超人力霸王德卡 最終章 朝向旅程的彼方‧‧‧,1053626
巫母,782936
電影版TOKYO MER：行動急診室,961256
配樂大師顏尼歐,396194
特別篇 吹響吧！上低音號～合奏團競賽篇～,1108306
魯蛇大翻身,936243
毒舌大狀,990326
喵的詐騙集團,676710
My Precious初戀,976125
寶可噩夢,798286
喜幹會,864168
小熊維尼：血與蜜,980078
月之圓缺,961257
五月雪,973587
鬼臥床,917007
電影刀劍亂舞-黎明-,Not Found
邀阿公阿嬤拍B級殭屍片,1167792
愛是自私,1027273
金之國水之國,991190
ASTRO,526475
麵包超人電影版：樂波莉與暖呼呼禮物,Not Found
數碼寶貝02 THE BEGINNING_國語版,Not Found
愛．子,806368
假面騎士劇場版 Battle Royale,1002780
劇場版 PSYCHO-PASS 心靈判官 PROVIDENCE ,Not Found
五月的你，十二月的她,839369
神鬼聖戰,296271
油麻菜籽,272122
德古拉的新娘 ,586352
少男少女,1088428
天元突破劇場版 紅蓮螺巖 螺巖篇,23452
熊男,995063
極惡變身,952476
快一秒的他,1029475
百花,936490
天元突破劇場版 紅蓮螺巖 紅蓮篇,20986
湯道,1029486
義美超級爸,829051
日暮生死戀,1113085
舞力對決 : 地表撐霸,1130659
空巢,531509
新核能時代,1004685
長春事件,949000
親密,11845
鬼偶,1031388
超完美狗保姆,610249
闇黑對決,87421
沼澤王的女兒,798362
RENAISSANCE: A FILM BY BEYONCÉ,Not Found
烈火焚身,46738
誆世巨作：蜘蛛窩新宇宙,901121
厲嬰魂,1073449
蘭陵40─演員實驗教室,1124911
聖母院大火：世紀浩劫,811596
印咒：畢舍遮,1024773
大明星多重宇宙,773910
來自雪國的遺書,1030205
公主與野獸,576925
追殺代理人,942199
杜巴利伯爵夫人,921452
龍馬精神,931102
摘星甜點王,975762
我的2年妓女生涯,960139
命案,969050
NCT NATION：To The World in Cinemas,Not Found
GHOSTBOOK 妖怪圖鑑,961418
那個男人,869886
地獄來的乘客,1030987
少女☆歌劇 Revue Starlight RONDO RONDO RONDO,645439
淘氣小企鵝啵樂樂 電影版：巨龍城堡大冒險,979688
贖罪日之戰,899524
夏日悄悄話,916405
暗湧情事,348869
維特:音樂劇,Not Found
機甲英雄 劇場版 我與我等於無限大,1170696
瑪琳艾索普：首席女指揮,Not Found
WOMEN 我們不知道的事,1121326
驅魔13,1026563
花若盛開,1209560
#人孔,1029621
擒慾女王,1125053
詭屋,1138194
涅槃咒,1057919
惡靈魔洛剋,959558
心之谷,37797
東尼瀧谷:數位經典版,Not Found
HERO,10699
絕對味覺情人,978202
不離職冒險王,745608
回不去的那座山,803700
暗殺風暴,902533
SSSS. GRIDMAN 劇場總集篇,1068602
麻罪犯,1117283
寬鬆世代又怎樣：INTERNATIONAL,1119114
惠子不能輸,928730
新進社員：電影版,1106528
窗邊的小荳荳,1106904
獸刑,1153794
愛是一把槍,1155680
上流謀殺案,989473
花開富貴,1130343
X,760104
燈火闌珊,824742
貞子 DX,940417
困獸,206051
禁忌的畫像：卡拉瓦喬之影,693349
四月物語：數位修復版,Not Found
火線埋伏,1074034
白日青春,1029168
開羅謀殺案,788977
凱蒂超殺女,842607
淨化論,910365
指尖上綻放的愛,819163
斷捨離天堂,1129646
屍蹤天使,1043565
燃燒的玫瑰,785980
人之初性本善,1121017
黑暗騎士,155
鄰人Ｘ：謎樣的女子,1084742
銀河鐵道之父,1062844
陰影下的她,923344
夢遊樂園,899464
孩子， 你好嗎 ? 我的名字叫李心潔,1114314
再一次勇敢跳躍,771077
所有的美麗與血淚,1004663
新寶島曼波,1190164
炸彈客,1093453
舌尖上的禪,1024298
致蕾絲莉,823147
SSSS.DYNAZENON 劇場總集篇,1068607
束縛,341174
一直一直都很喜歡你,1022830
東京復仇者2：血腥萬聖節 前篇─命運,1057872
劊樂時光,1113278
小提琴天后慕特：愛樂一生,1104840
天生一對2 大電影：再續前緣,937753
豪門心計,786977
萬惡世代,782044
東京復仇者2：血腥萬聖節 後篇─決戰,1057873
厄林,2667
追海豚的長崎夏日,971602
彬與瑛,961410
Fishmans,800151
白日之下,1099217
全面啟動10周年紀念版,Not Found
雙手的溫柔,958279
米蘭昆德拉：從玩笑到無謂的盛宴,835362
24小時賭命倒數,1053587
追兇12夜,925102
名偵探神助理：黃金螺旋之謎,1029479
進化症候群,943134
我們的黎明,950863
愛在滿格時,1033176
桃子樹的最後豐收,804251
孩子， 你好嗎 ?  山頂小屋,1114321
限時引爆,1156255
動物感傷の清晨,937101
劇場版 衝鋒戰士：搶救月球大作戰,636283
千輝同學未免甜得過火,1029484
榮耀之路,958219
炎日,682152
為你鍾琴,804868
電影哆啦A夢 - 大雄的秘密道具博物館,218726
愛情美樂地,962571
電影版 淘氣小企鵝啵樂樂 超級明星大冒險,1189165
幸運狗狗來造訪,634120
青春豬頭少年不會夢到懷夢美少女,572154
柴可夫斯基的妻子,901358
尋愛小說家：海史密斯,915939
烈火浩劫,944306
光影帝國,814757
黑夜遊行,1034660
深夜加油站遇見蘇格拉底,13689
對我而言，你是珍貴的,817485
俠探特攻：驚爆獨立日,1035806
花腐,1115167
神選之地,960206
塞納河上的船屋,1070449
WINNER 2022 CONCERT THE CIRCLE : THE MOVIE,1166425
天一亮，就想見到你,1120459
無人相信的真相,925714
轉生幻夢,1077684
在旅途中：方濟各的朝聖之旅,1004682
假裝沒事,Not Found
善良的牧本先生,961267
親密（前編）,Not Found
銀河鐵道之夜,37585
名偵探麻里子最悲慘的一天,1017441
永遠的好麻吉,872556
幸福的所在,997659
窄路微塵,957861
電影哆啦A夢 - 新‧大雄的宇宙開拓史,95935
仇恨謎林,919570
爛人,660120
我恨我自己,788734
萬聖劫,1058078
玩具當家,865498
聖奧梅爾殺嬰案,925943
生命之舞,1128001
緣起不滅,42190
電影版殘念生物事典,Not Found
電影哆啦A夢 - 大雄的人魚大海戰,86184
我和喵喵的冒險旅行  ,977337
屍發現場,852758
絕命控制,986088
呼叫愛美子,828948
愛爾瑪的情與慾,997777
血忌,1015079
觸不到的肌膚,Not Found
大愚樂家,553147
小淘氣尼古拉：快樂的源頭,893366
穆荷蘭大道 4K數位修復版,Not Found
交響狂花,958179
奪魂鋸,176
揮灑心篇章,960275
電影哆啦A夢：新大雄的大魔境 - 扁扁與5人之探險隊,285812
五月的35日,925341
俘虜,11948
花漾奶奶金難搞,956759
怪談比留子,38405
電影哆啦A夢 - 新‧大雄與鐵人兵團,137227
噩夢輓歌 4K數位修復版,Not Found
景深之中,348875
熱帶往事,824738
片場風暴,1005299
詭樓,852432
流水落花,1027944
達利:慾望之謎,522925
聖蛛,889699
販愛天堂,892515
我們從末日開始,973778
親密（後編）,Not Found
銀平町的電影時光,1064872
情牽浮生戲,1076011
屍房菜,1002317
離不開你的依賴,1035647
電影哆啦A夢：大雄與奇跡之島,160642
盲柳與沉睡的女人,678299
鬼玩人 4K數位修復版,Not Found
色局追兇,89455
拼音戀習曲,928709
青春 ,508947
色界,993234
德黑蘭雙面疑雲,1008043
夏洛克的孩子們,1019661
她和他的女兒,803694
這裡沒有熊,974521
若愛重來,743173
謎樣的你,1076535
破碎太陽之心,Not Found
像高達一樣寂寞,1005409
峰爆,862855
電影哆啦A夢 - 大雄之宇宙英雄記,350650
鷹勇潛艦,611854
死屍死時四十四,1005259
監弒器,831480
坂本龍一：終章,473888
冬日男孩,918044
唐璜羅曼死,657198
冰淇淋般的愛戀,1067298
緣路山旮旯,898009
飢餓遊戲：自由幻夢 終結戰,131634
海的盡頭是草原,1019619
她喜歡的是,804032
渴水,968146
天間莊三姊妹,Not Found
COLDPLAY: LIVE AT RIVER PLATE,1123586
日出日落：屋頂上的提琴手,927263
荒漠斷背情,963765
絕地追擊,1126608
回到首爾,952701
明天星期一,1040496
SUGA: Road to D-DAY,1106732
蓋世棋蹟,748787
尋父冒險記,1005141
不散（4K修復版）,Not Found
四層公寓,1002470
飯捲男孩乖乖睡 ,1008038
十三門徒,1002318
AI時代,1091360
絕美波麗露,795254
破案天才伽利略：嫌疑犯X的獻身,42341
樹懶殺三小,1040892
穿著旗袍的女孩,1331693
愛在生命終結時,843093
愛情轉移,898673
血仇生死鬥,894169
坂本龍一:async紐約現場,Not Found
百合的雨聲,994741
朝聖之路：一路平安,682109
野獸們,848685
原罪犯,670
手,1024127
琳達想吃雞!,589026
與達利有約,1091044
小嫉妒,803688
正年輕,848958
闇黑新世界,165213
尋找第5味,788030
演員夢,Not Found
三張面孔,517731
正義辯護人,242452
春風勁草,665733
闇之祭,853387
男人最壞女人最愛,1090024
直到世界末日,Not Found
《聽見天堂》4K數位修復版,Not Found
萊拉兄弟,962558
安妮艾諾 超八時光,964681
夜鷹的單戀,879008
腹荷,1061648
巫術,1015936
她和她們的電影課,866611
Anne的多重恐懼,952127
這就是我,57118
茱莉亞四重奏,892530
勇闖太空,881693
親切的金子,4550
超市之女,81296
當男人戀愛時,797787
虎紋少女,1077693
杏仁與海馬,787791
j-hope IN THE BOX,1076443
在水中,1077647
夢想紅舞鞋,1075010
換宿夜驚魂,1064801
坂本龍一：OPUS,1156189
五個惡魔,820697
燃起希望之火,849242
危險療程,48231
艾莉絲旅館,872667
玫瑰母親,926889
初戀你我他,977179
飢餓遊戲：星火燎原,101299
飛舞人生,842424
餓之必要,938250
我的左派老師,7859
KANGDANIEL: MY PARADE,1156807
地下疑雲,925459
地中海發燒友,958291
我的完美日常,976893
阿諾是個模範生,997519
破案天才伽利略：真夏方程式,204702
妖怪森林,1177667
謎霧莊園,5279
卓別林與他的情人,10435
神鬼第六感,1933
惡靈地堡,794234
馬克白（莎翁經典劇集）,Not Found
女稅務員,42011
蝙蝠：血色情慾 數位修復版,Not Found
投奔怒海,72445
愛情停損點,794246
戰場日記,1058616
愛情失格,1009447
與狼共舞,581
扶桑花女孩之舞,760765
屍智症,994128
潛行,999056
受監護的女人,164207
壞男孩,8363
長路將盡,11889
我要復仇,4689
飢餓遊戲：自由幻夢,131631
情慾獨角獸,1078920
我的藍莓夜,1989
西蒙娜：世紀之聲,740937
傲慢與偏見（音樂劇）,Not Found
烈火亞當,Not Found
BILLIE EILISH: LIVE AT THE O2 （戲院加長版）,Not Found
萊茵金,912726
折翼姊妹,1030991
民暴之女,110283
驚爆點,629
開心鬼上身,62439
無情荒地有琴天,46992
壁花男孩,84892
飢餓遊戲,70160
唱出戀愛的苦惱,969441
南巫,759524
愛是您·愛是我,508
絞死刑,98193
儀式,94466
馬爾多羅之歌/嘗試對一寸法師進行記述/二頭女-影之映畫/讀書機,Not Found
御法度,20617
冰風暴,68924
六月之蛇,33431
紅圈,Not Found
巫師靈不靈！？,717908
愛的密語,802403
檻囚/蝶服記/迷宮譚/疱瘡譚/橡皮擦,Not Found
科西嘉的那個夏天 ,1000058
艾蜜莉的異想世界,194
靜靜的生活,81860
女稅務員2,41962
亨利五世（莎翁經典劇集）,Not Found
託生君系列：很長很長的故事開始的早晨,1134409
7號房的禮物,637920
無事生非（莎翁經典劇集）,Not Found
非關男孩,245
我們的最強暑假,Not Found
壞教慾女孩,958234
芽籠,1029178
驚獄77,913991
《樂隊舞台》——男孩們回來了（音樂劇）,Not Found
過去那五年（音樂劇）,Not Found
霍爾的移動城堡,4935
影子軍隊,15383
捍衛任務,603692
珍愛熱線,579496
戴珍珠耳環的少女,3635
少年Pi的奇幻漂流（英國國家劇院現場）,Not Found
馴悍記（莎翁經典劇集）,Not Found
布拉格的春天,Not Found
海霧,734732
4拍4家族,1063554
沉默之海,40650
神父李昂莫罕,Not Found
盛開紫羅蘭：西蒙波娃與薇奧麗賴朵絲,Not Found
 小嫉妒,803688
智利，我的理想國,Not Found
革命＋1,1026301
釀魂,1147689
簡稱：連續射殺魔,Not Found
馬克斯，我的愛,Not Found
鐵男：金屬獸,41428
死亡解剖,36215
中國女人,1629
蘇州河,11599
沙特與波娃,Not Found
花神咖啡館,85033
白晝的惡魔,Not Found
日本春歌考,77124
廣島之戀,5544
鴻運女,83183
印度之歌,85927
沒有你的旅程,586813
太陽的墓場,111718
青春殘酷物語,Not Found
大病人,83205
奇愛博士,935
長別離,131836
赤軍殘酷內鬥暗黑史,46101
舞動人生,71
幻之光,18872
薄荷糖,41245
狼少年：不朽的愛,128246
賭徒鮑伯,Not Found
鑽石水族世界,1016255
莒哈絲最後的情人,Not Found
愛瑪（音樂劇）,Not Found
孩子， 你好嗎 ? 鴕鳥騎士,1114322
陸上行舟,9343
無理心中日本之夏,48515
藍色的你,971699
愛情，不用翻譯 ,153
小子,939243
赤軍：PFLP世界戰爭宣言,Not Found
鐵男II：血肉橫飛,Not Found
人體動物圖鑑：烏龜的殼其實是肋骨,1021860
直線偏執狂（英國國家劇院現場）,Not Found
歸來的醉漢,Not Found
留愛在蔚藍海岸,Not Found
慾望之翼,28468
海鷗 （英國國家劇院現場）,Not Found
也許是因為美的決心,Not Found
春日郊遊/推特事/塑膠情人,Not Found
戰火邊緣的青春,853084
666號房,118257
現場·戰場·夢工場,Not Found
情書/鷺鷥河/二重奏/返來呷飯,Not Found
孩子， 你好嗎 ? 我是誰?,1114324
塵埃之書：野美人號（英國國家劇院現場）,Not Found
感官世界,5879
千年決鬥,Not Found
下一站，天國,17962
無人知曉的夏日清晨,2517
春水奇譚/屍舞/有了？！,Not Found
水上迴光,Not Found
童魘,9613
BE : the ONE,543094
魔法公主,128
崖上的波妞,12429
魍神之夜/食夢者/殭屍外公,Not Found
切格瓦拉滿天下,Not Found
令人討厭的松子的一生,31512
夜校,1177518
橫山家之味,25050
古董局中局,820099
戰爭開打之際,967874
惡水真相,560008
失衡凶間之罪與殺,988900
高跟鞋 經典數位修復,Not Found
狂琴畸戀,85032
HELLO WORLD,604605
東京復仇者,698201
天外者,746257
飛躍吧！金牌英雄,Not Found
我是一片雲〈修復版〉,Not Found
阿基拉,149
是誰得手林布蘭？,Not Found
不思議女人,429191
醉好的時光,580175
星星知我心,478860
革命前夕的摩托車日記,1653
彩雲飛,438210
風兒踢踏踩,87953
教會,11416
郵差,11010
熱帶雨,584242
非常母親,30018
烈火情人,11012
85年的夏天,659959
寄生上流,496243
竊聽風暴,582
再見了！茱莉亞,1111750
破墓,838209
薩滿,745881
犯罪都市4,1017163
SEVENTEEN TOUR 'FOLLOW' AGAIN TO CINEMAS,1317874
再見，福寶,1314450
亡命機劫,1147710
BLACKPINK WORLD TOUR [BORN PINK] IN CINEMAS,1307028
寂噤計畫,726139
變身機長,965094
JUNG KOOK: I AM STILL,1315707
aespa: MY First page,1229421
屍咒,724885
絕地逃生,921436
外星+人2：回到未來,626412
辣手警探2,995926
 SUGA | Agust D TOUR ‘D-DAY’ THE MOVIE,1292186
鬼花園 : 詛咒,977156
超完美暗殺隊,865910
聽說,41531
IVE The 1st World Tour in Cinema,1361488
她死了,743815
找死凶宅,736720
"HIGHLIGHT “LIGHTS GO ON, AGAIN” IN CINEMA",1359210
神鬼對決,1007127
心葬,660355
金派特攻隊,696047
Baekhyun: Lonsdaleite [dot] in Cinemas,1375053
aespa: WORLD TOUR in Cinemas,1262209
"RM:Right People, Wrong Place",Not Found
窺鏡,936245
鬼媽媽的假期,661681
JUNG KOOK: I AM STILL THE PARTY EDITION,1315707
NCT DREAM Mystery Lab: DREAM,1390590
EYES ON ME : THE MOVIE,638483
在熙的男，朋友,1154154
攔截聲命線,644714
首爾單身日記,717088
BTOB,1135965
邪體：鬼拼屠,987538
60分鐘亡命直播,838206
露梁：死亡之海,660360
日日好狗日,876127
TAEYONG: TY TRACK IN CINEMAS,1338226
警賊黑白衝,1063814
塔羅牌,719221
非普通家族,973628
惡獸之戰,799710
XIA CONCERT MOVIE CHAPTER 1：RECREATION,Not Found
當我的指尖觸碰到你的溫度時,1234114
幸福國度,783111
薩滿新娘,1314446
恐怖日常怪談,987072
FIGHTING！女孩們,1091051
愛殺特攻隊,746349
惡鄰羅曼史,1005533
《劇場版 SUPER WINGS：究極加速》,Not Found
腦海中的橡皮擦,15859
下女的誘惑 經典重映,Not Found
那年夏天，想見妳,1117291
韓國都市恐怖怪談：詭手,717712
Strike！娜英,1106501
彼此的日子 In Our Day,1114775
旅人所嚮,1146410
EPIK HIGH 20 THE MOVIE,1252163
美麗的聲音,40167
皇后復仇中,976581
超危險警探,978592
200%小狼人,Not Found
失控教室,998022
56種喝采,888768
怪奇家族,4011
野火蔓延時,900379
戰火下的小狐狸,936117
金髮毒藥,982202
飛鳥總動員,1061855
全面監視,951051
未來的我們,623184
巴赫曼-沙漠追愛之旅,978580
維莉狄雅娜,Not Found
最後一次的生日派對,958186
惡夢偵相,772450
被遺忘的人,548544
泯滅天使,29264
薩滿男孩,730256
如果我可以冬眠,986855
愛與怒,Not Found
盜墓奇美拉,837335
如果可以再死一次,700819
少年的漂浪旅程,937746
我們還有明天,1026227
教宗家的小兒子,801112
流浪吉普賽,1023962
歡迎光臨黑手黨餐廳,838876
蓋世怪胎,571468
盛夏最溫暖的初戀,1043997
不存在的騎士,Not Found
鬼影直播,1070535
生活瑣事,3423
 情慾出走的女人,998625
流氓驅魔師,1280832
小孩不笨3,1287250
錢不夠用3：全部夠用,1238576
罪惡對決,1027073
這就是聖誕節,1190301
踹你死功夫,1050904
柏格曼的幽靈,1219824
富豪遊戲,1078810
湄公河水鬼,1309123
鬼怨偶,1202618
媽的人生願望,1258626
再愛一次,1210973
鬼厄犬,1222274
鬼妹,820232
草迷宮恐怖殺人事件,1327383
血色之路,989589
人類之巔3,951048
靠近維梅爾,1090031
鬼聲泣,1134433
金孫爆富攻略,1103621
鬼聲泣2,1247019
屍控戰場,1244361
跳越時空的愛戀,1167366
屍油降,1241429
鬼妻塚,1181045
鬼面女,1102510
猛鬼大學：邪無止禁,1226170
猛鬼聲泣泣,Not Found
死命必達,1288175
鬼碟仙,1322616
邪妓,1100705
哈囉！萌鬼屋,1257388
鬼禁地,1143959
他的最後一個朋友,1093215
404宿靈速速逃,1290213
暹羅詛咒,1113142
分期付款愛上你,1052160
荊棘天堂,1290206
鬼影,1070535
惡業,1224589
屍控大賣場,1072493
可恨的初戀！,1072582
唐人街恰恰,1113071
女畫家與偷畫賊,654170
荒野心家園,1208994
催眠,68477
馬奎斯之愛與群魔,Not Found
九龍城寨之圍城,923667
焚城,1305642
破·地獄,1226141
臨時劫案,991197
誤判,1128650
海關戰線,989909
但願人長久,942074
七月返歸,1063863
2046 4K數位修復版,Not Found
我談的那場戀愛,1136690
怨泊,1050491
東邪西毒：終極版,Not Found
白晝如焚,993156
武替道,1095805
幻愛,674813
濁水漂流,740467
爆裂點,1020784
飯戲攻心2,1187970
填詞L,998137
不是你不愛你,1184505
詩,1098275
從今以後,1157680
源生罪,991193
反貪風暴之加密危機,1228545
春光乍洩  4K數位修復版,Not Found
爸爸,519182
來世還作人,1117166
全個世界都有電話,1100901
父親,974453
夢想集中營,467244
逃出狂鯊島,804616
巴黎，德州,655
九命貓的奇幻旅程,567811
森之聲：猩火燎原,785429
失速芭蕾,714675
嗜殺路人甲,1010600
小熊維尼2：噬血維尼,1079485
鳥,381733
凡尼亞（英國國家劇院現場）,1189877
黑水巷,1215918
老橡樹酒館,970348
布勒合唱團：直到盡頭 ,1274238
邪厄恩典,879689
老鬼當家 ,269509
好人赫德（英國國家劇院現場）,1060258
致英格蘭（英國國家劇院現場）,Not Found
布勒合唱團：溫布利球場演唱會,1274237
激情年代（英國國家劇院現場）,Not Found
天生女王,896639
怪胎女孩,935906
地獄灰姑娘,1130053
Laufey's A Night at the Symphony: Hollywood Bowl,1375774
非關性愛,1075175
忙愛不如盲婚,800301
平克佛洛伊德：迷牆,12104
尋找小津,76406
城市時裝速記,Not Found
法蘭克,171372
腦筋急轉彎2 ,1022789
小丑,1034541
死侍與金鋼狼,533535
哥吉拉與金剛 : 新帝國,823464
沙丘：第二部,693134
神偷奶爸 4,519182
猛毒最終章：最後一舞,912649
異形：羅穆路斯,945961
海洋奇緣2,1241982
猩球崛起：王國誕生,653346
龍捲風暴,718821
絕地戰警：生死與共,573435
小丑：雙重瘋狂 ,889737
神鬼戰士 2,558449
蜂刑者,866398
芙莉歐莎：瘋狂麥斯傳奇篇章,786892
噤界：入侵日,762441
荒野機器人,1184918
魔法壞女巫,402431
可憐的東西,792307
紅色一號,845781
獅子王：木法沙,762509
星際效應,157336
功夫熊貓 4,1011985
台北追緝令,1167271
機密特務:阿蓋爾,848538
特技玩家,746036
變形金剛：源起,698687
懼裂,933260
帝國浩劫：美國內戰,929590
蜘蛛夫人,634492
飛鴨向前衝,940551
加菲貓：農場大冒險,748783
獵人克萊文,539972
圈套,1032823
陰間大法師 BEETLEJUICE,917496
長腿,1226578
天眼救援,969492
微笑 2,1100782
幻幻之交,639720
音速小子 3,939243
魔鬼剋星：冰天凍地,967847
非紳士特攻隊,799583
極限長征,618588
邪惡勿語,1114513
隔壁的房間,1088514
天魔：惡之初,437342
愛愛愛上你,1072790
鬼聖胎,1041613
伏慄熊,1125311
窒命危機,720321
邊緣禁地,365177
龍族戰神：重生,957452
噬血芭蕾,1111873
窺探者,1086747
飛月情海,956842
劊樂小丑3,1034541
異教詭屋,1138194
魔戒：洛汗人之戰,839033
到我們為止,1079091
當殺手戀愛時,974635
鬼袋人,978796
銀翼殺手最終版,Not Found
挑戰者,937287
求救眨眨眼,840705
叛諜檔案,927107
地獄怪客：歪曲人的詛咒,1087822
青春養成記,508947
千萬別放手,814889
救援生死線,628922
艾諾拉,1064213
怒火狂猴,560016
滯留生,840430
滅世男孩,882059
超完美家政婦,1064028
失憶殺神,972614
孤狼救援,5492
幕前幕後：范克萊本鋼琴大賽,1154882
佩佩的電影派對（國語版）,Not Found
一個人的逃亡,944194
蜘蛛驚,1087388
羅素克洛之大法師,646683
雷鬼之父：音樂無國界,802219
驚爆封鎖線,1081012
逃出搶錢鎮,974250
愛在黎明破曉時,76
愛在日落巴黎時,80
天使之心,975056
不羈騎士,1008409
貓王與我,1020006
熊貓大冒險 ,676685
師情化慾,1026436
麥可傑克森：未來的未來演唱會電影,13576
樂一通大戰外星人：粉紅末日,870360
太陽王與人魚：新帝國,245842
彼岸的真相,1162322
劊樂小丑2,663712
超／人：克里斯多夫李維傳奇故事,1128559
白南準：月亮是最古早的電視,916738
狸太怨,1019939
瓊拜雅：三重人格,1075815
超級殺,1165466
來自地獄的邪靈,913673
劊樂小丑,1034541
保羅‧賽門：無眠樂章,1153454
霸愛之路,1000780
醉鄉民謠,86829
紀伯倫哈利勒：先知,283161
靈魂的重量,470
死亡日記,1443
末世生存者,1051896
全力揮擊,1079810
終極制裁者,Not Found
鬼氣球,1246014
靈寓,1219522
我不是教你詐,1137196
末日倒數12小時,864101
狗狗歌劇院,1112357
海豚男孩-國語版,Not Found
阿爾及爾的末代王后,958161
鬼燭靈,1211728
農民：愛慾情謎,734002
上流誘惑,1048516
禁忌之慾,1017066
真愛未了情,12652
中產階級拘謹的魅力,4593
熟男不疑惑,42454
當警探戀愛時,3427
女僕日記,Not Found
自由的幻影,5558
青樓怨婦,649
惡狼年代,Not Found
朦朧的慾望,5781
珍妮德爾曼,Not Found
她與他們的愛情,Not Found
再見機器人,838240
墜惡真相,915935
火上鍋,964960
瑪麗亞‧蒙特梭利,959395
艾曼紐1974 4K修復版導演版,Not Found
艾曼紐2024,976576
熱血搜救隊：翻轉世界,Not Found
明天我就不幹了！,792614
瑪格麗特戀習題,960033
超時空愛殺,914206
我愛你，你愛她，她愛他,661935
時髦女子,995746
宮殿大飯店,824016
再見哥雅：卡葉爾與布紐爾的最後巡禮 ,970398
給我個機會,995408
日安，朵朵,1004555
萬事通大全,888003
逆轉廢材人生,965791
絕命樂透彩,1216452
響亮心重奏,1000866
巴黎頌紐約情,Not Found
歡迎菜老師,934506
鄰家密友,961082
手榴彈‧革命‧還有愛與詩,495278
愛離巢,989238
噠噠噠達利,1045770
日落喜劇,995808
戰地琴人,423
魔籽公主,970867
安達魯之犬,626
大發明家,676727
戰火浮生錄,37335
男歡女愛,42726
妙想天開,412180
石榴的顏色,Not Found
特莉絲坦娜,Not Found
承諾大海的老師,1024541
安眠殺機,1235926
我的母親 經典數位修復,Not Found
雙眼之間,997294
地下終劫站,1276210
兩萬種蜜蜂,1053600
悄悄告訴她 經典數位修復,Not Found
玩美女人 經典數位修復,Not Found
她們的盛夏微愛,1088851
顫抖的慾望 經典數位修復,Not Found
破碎的擁抱 經典數位修復,Not Found
風流西班牙: 摩洛哥情事,1074049
在路上男情難未了,Not Found
馬奎斯如何成為馬奎斯,Not Found
布紐爾:超現實電影人,Not Found
殺,1041317
你是我眼中的那道光,927547
模範生禁愛秘密,Not Found
鬼舞村：詛咒起源,1176166
鬼咧號,1128936
薇娜：死後七日,1148817
血繼,1264429
全境炸裂,1126128
網紅教慾,987419
吶喊雷克雅維克,Not Found
我最喜歡的蛋糕,1234591
國有器官,Not Found
人道主義吸血鬼徵求自願獻身者,988402
親愛的愛莉絲,850028
愛情本性論,912520
紅色房間,912480
無法融化的祕密,923387
魔女荷莉,989496
給我愛過的前任們,989232
劇場版 排球少年!! 垃圾場的決戰,1012201
名偵探柯南 100萬美元的五稜星,1209217
SPY x FAMILY CODE: White,1062807
電影蠟筆小新：我們的恐龍日記,1221404
驀然回首,1244492
「鬼滅之刃」 絆之奇蹟，邁向柱訓練,1216221
電影哆啦A夢：大雄的地球交響樂,1148677
劇場版 藍色監獄 -EPISODE 凪-,1104844
機動戰士鋼彈 SEED FREEDOM,1146972
特別總集篇 名偵探柯南 vs. 怪盜基德,1244064
我的英雄學院劇場版：You’re Next,1159311
鬼太郎誕生：咯咯咯之謎,904759
你的名字。,372058
我的英雄學院劇場版：英雄新世紀,592350
劇場版 OVERLORD - 聖王國篇,1014505
GIVEN被贈與的未來劇場版：柊mix,1230477
角落小夥伴電影版：奇幻的玩具工廠,1148588
LAST MILE：全面引爆,1276108
去唱卡拉OK吧！,1070507
劇場版 賽馬娘Pretty Derby：新時代之門,1223178
我獨自升級：二次覺醒,1357633
劇場總集篇 孤獨搖滾！Re:,1129610
貓的報恩,15370
劇場總集篇 孤獨搖滾！Re:Re:,1201387
GIVEN~被贈與的未來 劇場版,632632
刀劍神域劇場版-序列爭戰,413594
《少女與戰車 最終章》 第４話,1051192
電影版屁屁偵探：再見親愛的夥伴，屁屁啊,Not Found
與夢前行  宮﨑駿,1292585
情書,47002
秒速5公分,38142
四月，她將到來。,1120846
孤獨搖滾！團結Band LIVE-恆星-,1152767
鋼之鍊金術師BROTHERHOOD 15週年特別版,Not Found
銀魂劇場版 2D 一國傾城篇,1266097
光之美少女電影 ALL STARS F,1094448
少女與戰車 劇場版,357405
成為星星的少女,1216623
超人力霸王布雷薩 THE MOVIE：大怪獸東京決戰,Not Found
五等分的新娘*,820067
劇場版 轉生成女性向遊戲只有毀滅 END 的壞人大小姐,997086
陰陽師0,1201210
詭異之家,1188456
邪惡根本不存在,1156125
言葉之庭,198375
完美配對謀殺案,1044555
北極百貨的秋乃小姐,1117609
PTP：永遠不滅,1409517
怪物樵夫,1137142
DDDD惡魔的破壞 前編,Not Found
消失的豪門妻,1276849
風都偵探 假面騎士SKULL的肖象,Not Found
刀劍亂舞 迴 -虛傳 燃燒的本能寺- 【前篇】,Not Found
DDDD惡魔的破壞 後編,Not Found
沙奈：詛咒之歌,1130899
我心裡的太陽,1267822
派對咖孔明 Road to Summer Sonia,1211650
心靈遊戲,21712
藍色時期,1268198
擅長捉弄人的高木同學 電影版,Not Found
雲之彼端，約定的地方,12924
麵包超人電影版：細菌人與繪本的露露,Not Found
異國日記,1163269
在大雪封閉的山莊裡,1231785
Silent Love,951240
黑箱日記,1214499
魔法少女小圓劇場版 [新篇] 叛逆的物語,212162
刀劍亂舞 迴 -旋傳 親近的侍從們-,Not Found
鴉色刑事組電影版,1025301
假面騎士555 20th 復活的天堂,1122715
長夜盡頭的微光,1086011
追逐繁星的孩子,79707
刀劍亂舞 迴 -虛傳 燃燒的本能寺- 【後篇】,Not Found
法庭遊戲,1101181
搬家 4K數位修復版,Not Found
孤島診療所2022,1019421
偶像大師 劇場版: 前往光輝的另一端 經典10週年,Not Found
美妙寵物 光之美少女電影: 心跳加速♡遊戲世界大冒險！,1266540
雨中的慾情,1283793
假面騎士 THE WINTER MOVIE- 葛查多 & GEATS 最強克米GOTCHA大作戰,Not Found
星之聲,37910
老師的善意謊言,1273597
春畫先生,1188019
赤羽骨子的秘密保鑣,1302106
我的一夜騎士,1152908
愛在閃電下,1140221
波紋,1062910
失樂園,68606
自白,980816
銀魂劇場版 2D  荊棘惡童篇,Not Found
在那開滿花的山丘，我想見到妳,1153325
魯邦三世 卡里奧斯特羅城 4K數位修復版,Not Found
仇雲殺機,1244244
三日月和貓,1293338
BLOODY ESCAPE：地獄的逃走劇,1103432
巡演轉學生,1212497
日本人的養成,1186850
日安，我的母親,1101734
來生再見未名的我們,1094482
不朽之櫻,1276633
冰室蓮司：日本統一 台灣篇,1254532
月,1145026
風之谷,81
"Fukuyama Masaharu Live Film Kotodama no Sakiwau Natsu ""Boy Meets The Music"" @Nippon Budokan 2023",1210309
劇場版 森林家族 來自芙蕾雅的禮物 中文版,Not Found
最後一擊,921
黑之牛,1167863
電影版 X光室的奇蹟,Not Found
群青戰記,726657
福田村事件,1155235
我家的故事,1015464
難言之隱,1255316
八犬傳,1276242
惡靈怪談,1265800
那日清晨真令人感到空虛,1072742
搖滾吧！中二樂團,626767
不死戀人,1240834
OUT,706860
紅豬,11621
情慾的界線,1002535
劇場版「進擊的巨人」完結篇THE LAST ATTACK,1333100
我變笨了，請多多指教：媽媽 歡迎回來,969784
大室家-親愛的朋友,1211716
空海 【經典數位修復】,Not Found
大室家-親愛的姊妹,1177096
從水深0米開始,1250407
鐵道員,68837
電影版 吹響吧！上低音號～莉茲與青鳥～,482150
殺人結業弒,890526
自戀男神,1078280
再見箱舟,Not Found
納米比亞沙漠直播中,1275240
東京戰爭戰後秘語,Not Found
不完美的愛情革命,478376
薔薇與武士2：海盜女王的回歸（新感線舞台劇第四季）,Not Found
東京公園,202885
宛如阿修羅,110852
其後,1186979
家族遊戲,117129
春天情書,Not Found
廚房,50256
我來買單,Not Found
如此這般,253235
未來的回憶,501657
我的夏日旅行,328083
黑暗之家,36142
細野晴臣：再會美國,Not Found
藍色假期,1278652
花芯蕩漾,1126361
偶慾,1009087
慾望的盡頭,1074174
背德迷情,1032767
蜜鑰,1009082
狐晴明九尾狩（新感線舞台劇第四季）,Not Found
藥頭悲歌II：血染雙手,Not Found
荒蕪之地．應許之心,980026
蘇維埃巴士站,1031050
自由協議,1085218
短句之國,1079202
托芙的房間,1108450
藥頭悲歌,Not Found
藥頭悲歌III：死神上門,Not Found
角頭-大橋頭,1303236
青春18×2 通往有你的旅程,1188258
鬼才之道,1006724
還錢,1166073
夏日的檸檬草,1261250
鬼天廈,926188
乒乓男孩,1027588
破浪男女,1029244
鬼們之蝴蝶大廈,1102857
嘎啦,1270769
八戒,1088128
我想和你在一起,1283068
台灣超人,1377013
莎莉,1007980
愛的噩夢,1078374
愛情城事,996871
餘燼,1162931
小雁與吳愛麗,1084740
我在這裡等你,1214266
鳳姐,1015623
愛子歸來,937855
種土,1088709
女兒的女兒,13313
千禧曼波,11553
尋找湯德章,1236428
看到靈魂的那隻眼 師公,1248407
春行,1083971
交換禮物,1395259
我父英風,1297616
默殺：無聲之地,1019828
為我辦一場西式的喪禮,1235022
OZONE 青春冒險,1318638
導演你有病,1226599
雪水消融的季節,1255586
阿姨，上學囉！,1308707
夏日的文化洋行,Not Found
環南時候,1085574
優雅的相遇,1239035
（真）新的一天,1022489
非想非非想,1341782
故事 開始的地方—希望閱讀,1401427
念念眷村：文學裡的眷村故事,1311577
默視錄,948184
客人主人,1305515
滿七,1239038
她說,1233209
以愛之茗,662402
一一,845781
KANO,256930
睏寐之際,1006739
恐怖份子,78450
誰殺了比利比莉,1149096
魅舞,1223386
傷痕-老兵的故事,1401562
明天比昨天長久,1006664
台北十日,1330874
由島至島（上）,Not Found
戀戀風塵（數位修復版）,Not Found
曦曦,1265692
恐怖份子（數位修復版）,Not Found
一點一滴的死/長夜/一個女人生命中的三小時/山雨欲來,Not Found
五福女孩/隔河/再見觸身/泳夜,Not Found
注意看，這個女人⋯⋯/如果時間在此刻停下/我可以暫時逃跑一下嗎？,Not Found
刺心切骨,940247
金門,1203439
由島至島,1247973
危機航線,949709
怒潮,950019
一部未完成的電影,878607
莫斯科行動,783121
熊出沒．伴我“熊芯”,1078012
石門,456611
前途海量,1290839
消失的她,1108211
拯救嫌疑人,1155257
新封神榜：楊戩,Not Found
沉默筆錄,1181642
雞蛋和石頭,Not Found
笨鳥,438030
不丹沒有槍,1109237
十字路口的豬,1287986
遠方 數位修復版,Not Found
雪中真相,1008393
