MovieId,Publisher_name,PublisherId
28087,	 Cygames Inc.,0
26872, ARTE FRANCE,1
22960, Beyond C. Co.  Ltd.,2
22961, Beyond C. Co.  Ltd.,2
23234, Broadway on Demand,3
26872, CANAL+,4
26872, CINE+,5
26384, Cie,6
20103, Co. KG,7
26751, Communications  Inc.,8
21031, Limited,9
19357, Media (Singapore),10
26872, ORANGE STUDIO,11
26140, PARTNERS,12
26741, PICTURES,13
26630, PICTURES,13
19000, Pictures Inc.,14
22113, PlusM.,15
23284, RELEASING LLC,16
23488, S.A.R.L.,17
24061, S.A.R.L.,17
23122, S.L.,18
29064, S.L.,18
25101, S.L.,18
29605, S.L.U.,19
22893, S.L.U.,19
21796, S.À R.L,20
29166, SASU,21
28977, SONY PICTURES RELEASING INTERNATIONAL CORPORATION.,22
29471, STUDIOCANAL S.A.S. ,23
27054, SUNRISE INC.,24
29481, Studiocanal S.A.S,25
26873, TRUE COLOURS GLORIOUS FILMS,26
27522, TV HOUSE LIMITED,27
29188, TV House Limited,28
26778, Warner Bros. Pictures Japan,29
21780, pictures Inc.,30
27029, pictures Inc.,30
29237, pictures Inc.,30
27445, pictures Inc.,30
17129, pictures Inc.,30
21350, pictures Inc.,30
28099, pictures Inc. ,31
27966, pictures Inc. ,31
27379, pictures Inc. ,31
27648, pictures Inc. ,31
29502, 牽猴子股份有限公司,32
20822, 英皇(北京)影視文化傳媒有限公司,33
22182, 英皇娛樂(香港)有限公司 ,34
22182, 香港電影發展基金 ,35
6215,&#x4E0A;&#x6D77;&#x9A30;&#x8A0A;&#x5F71;&#x696D;&#x6587;&#x5316;&#x50B3;&#x64AD;&#x6709;&#x9650;&#x516C;&#x53F8;&#x3001;&#x970D;&#x723E;&#x679C;&#x65AF;&#x9752;&#x6625;&#x5149;&#x7DDA;&#x5F71;&#x696D;&#x6709;&#x9650;&#x516C;&#x53F8;&#x3001;&#x5929;&#x6D25;&#x4E94;&#x516B;&#x540C;&#x57CE;&#x5F71;&#x8996;&#x6587;&#x5316;&#x6709;&#x9650;&#x516C;&#x53F8;&#x3001;&#x970D;&#x723E;&#x679C;&#x65AF;&#x6625;&#x5929;&#x878D;&#x5408;&#x50B3;&#x5A92;&#x6709;&#x9650;&#x516C;&#x53F8;&#x3001;&#x6D59;&#x6C5F;&#x967D;&#x5149;&#x5F71;&#x696D;&#x80A1;&#x4EFD;&#x6709;&#x9650;&#x516C;&#x53F8;&#x3001;&#x5317;&#x4EAC;&#x5B89;&#x745E;&#x5F71;&#x8996;&#x6587;&#x5316;&#x50B3;&#x5A92;&#x6709;&#x9650;&#x516C;&#x53F8;&#x3001;&#x5317;&#x4EAC;&#x7FA4;&#x82F1;&#x8588;&#x5F71;&#x696D;&#x6587;&#x5316;&#x6709;&#x9650;&#x516C;&#x53F8;&#x3001;&#x970D;&#x723E;&#x679C;&#x65AF;&#x5E02;&#x5343;&#x6613;&#x5FD7;&#x8AA0;&#x6587;&#x5316;&#x50B3;&#x5A92;&#x6709;&#x9650;&#x516C;&#x53F8;&#x3001;&#x4E0A;&#x6D77;&#x95AC;&#x6620;&#x5F71;&#x8996;&#x6587;&#x5316;&#x50B3;&#x5A92;&#x6709;&#x9650;&#x516C;&#x53F8;,36
6252,(德國)THE MATCH FACTORY GMBH,37
8873,(法國) CELLULOID DREAMS SAS,38
8878,(法國) CELLULOID DREAMS SAS,38
8747,(法國)CELLULOID DREAMS SAS,39
8749,(法國)CELLULOID DREAMS SAS,39
8693,(法國)DOC AND FILM INTERNATIONAL,40
9159,(法國)DOC AND FILM INTERNATIONAL,40
5643,(法國)FILMS SANS FRONTIERES,41
5666,(法國)FILMS SANS FRONTIERES,41
9952,(法國)MK2,42
19639,(美國)SONY PICTURES RELEASING INTERNATIONAL CORPORATION.,43
27723,(聯合出品)合名實業有限公司,44
27723,(聯合出品)基翔影視有限公司,45
27723,(聯合出品)平天下電影娛樂有限公司,46
7689,(英國)PARK CIRCUS LIMITED,47
9993,(英屬維京群島)EAST ASIA FILMS DISTRIBUTION LIMITED,48
9993,(香港)ESUN.COM LIMITED,49
7777,(香港)INFINITY ENTERTAINMENT LTD.,50
28166,. LTD,51
21384,1982 Productions LLC,52
20565,1984工作室,53
25737,1988廣告製作有限公司,54
21786,8028控股有限公司,55
28167,852 FILMS,56
24046,A24 INTERNATIONAL  LLC,57
20828,A24 INTERNATIONAL LLC,58
18430,A24 International LLC,59
20415,ABC ANIMATION INC.,60
21310,ABC Animation INC.,61
17110,ABC Animation INC.,61
29733,ABS-CBN FILM PRODUCTIONS  INC.,62
24259,ACE Entertainment Films Inc,63
21796,ACE HOLDINGS,64
26502,ADK EMOTIONS INC.,65
28240,ADK EMOTIONS INC. ,66
19157,ADK EMOTIOS INC.,67
21864,ADK EMOTIOS INC.,67
23826,ADK Emotions Inc.,68
24939,ADK Emotions Inc.,68
29465,ADK Emotions Inc.,68
26384,AGAT Films ,69
20191,ALIEF SAS.,70
26880,ALTERNA inc.,71
28507,ALTITUDE FILM SALES LIMITED,72
21017,ALTITUDE FILM SALES LIMITED,72
23311,AMBI Exclusive Acquisition Co.  LLC,73
26648,AMUSE INC.,74
25429,ANGEL STUDIOS LICENSING  LLC,75
25776,ANIPLEX  INC.,76
29085,ANTON CAPITAL ENTERTAINMENT S.A.,77
17242,ARGOS FILMS SA,78
20533,ARI Production株式會社,79
28411,ARTHOOD ENTERTAINMENT GmbH.,80
22198,ARTHOOD ENTERTAINMENT GmbH.,80
25305,ASIAN SHADOWS INTERNATIONAL SALES LIMITED,81
23784,ASMIK ACE   INC,82
21928,ASMIK ACE INC.,83
21627,ASMIK ACE INC.,83
21718,ASMIK ACE INC.,83
20684,ASMIK ACE INC.,83
22239,ATRIUM PRODUCTIONS KFT,84
23652,ATRIUM PRODUCTIONS KFT.,85
23214,ATRIUM PRODUCTIONS KFT.,85
23752,ATRIUM PRODUCTIONS KFT.,85
29400,ATRIUM PRODUCTIONS KFT.,85
20520,AVEX PICTURES INC.,86
20535,AVEX PICTURES INC.,86
20484,Accelerated Global Content LLC,87
24086,Access Television Japan Ltd,88
26364,Adachi Masao Screening Committee,89
26366,Adachi Masao Screening Committee,89
26365,Adachi Masao Screening Committee,89
26363,Adachi Masao Screening Committee,89
28363,Akanga Film Asia,90
21223,All Rights Entertainment.Ltd,91
26956,Alpha Violet,92
22739,Alpha Violet,92
23217,Alpha Violet,92
23687,Altitude Film Sales Limited,93
28745,Altitude Film Sales Limited,93
28917,Altitude Film Sales Limited,93
26958,Angel Studios Licensing  LLC,94
26836,Angel Studios Licensing  LLC,94
20780,Animation Entertainment Ltd.,95
25011,Animation International LTD,96
25106,Animation International LTD,96
25023,Animation International LTD,96
25043,Animation International LTD,96
24972,Animation International LTD,96
25078,Animation International LTD,96
25127,Animation International LTD,96
28637,Aniplex,97
28752,Aniplex  Inc.,98
29592,Aniplex  Inc.,98
25304,Aniplex  Inc.,98
25991,Aniplex  Inc.,98
25341,Aniplex  Inc.,98
22751,Aniplex Inc.,99
17368,Aniplex Inc.,99
26668,Aniplex Inc.,99
23365,Aniplex Inc.,99
28735,Aniplex Inc.,99
19722,Aniplex Inc.,99
23662,Aniplex Inc.,99
27734,Aniplex Inc.,99
20057,Aniplex Inc.,99
19895,Aniplex Inc.,99
24969,Aniplex Inc.,99
19094,Aniplex Inc.,99
14011,Aniplex Inc.,99
27965,Aniplex Inc.,99
26383,Aniplex Inc. 	 ,100
20134,Arthood Entertainment GmbH,101
20312,Arthur Film  아더필름(주),102
25398,Asmik Ace  INC.,103
27600,Asmik Ace  Inc.,104
26139,Asmik Ace  Inc.,104
25591,Atrium Production KFT.,105
22265,Atrium Productions KFT.,106
20681,Atrium Productions Kft.,107
22479,Atrium Productions Kft.,107
21160,Atrium Productions Kft.,107
24417,Atrium Productions Kft.,107
22651,Atrium Productions Kft.,107
23786,Atrium Productions Kft.,107
25803,Atrium Productions Kft.,107
20975,Atrium Productions Kft.,107
20848,Atrium Productions Kft.,107
22818,Atrium Productions Kft.,107
21779,Atrium Productions Kft.,107
24252,Atrium Productions Kft.,107
20713,Atrium Productions. Kft.,108
28484,Autlook Filmsales GmbH,109
24729,Autlook Filmsales GmbH,109
29084,Autlook Filmsales GmbH as Sales Agent for Venom Ltd,110
20744,Avex Picture Inc.,111
28046,Avex Pictures Inc.,112
20355,BANDAI NAMCO Arts Inc.,113
20579,BATRAX ENTERTAINMENT B.V.,114
26317,BE FOR FILMS,115
27158,BE FOR FILMS,115
20712,BE FOR FILMS,115
26705,BE FOR FILMS,115
18318,BENED GOBAL SDN BHD,116
29524,BEST FRIEND FOREVER SPRL,117
28456,BEST FRIEND FOREVER SPRL,117
20527,BETA CINEMA,118
22114,BIGWEST CO.  LTD.,119
22229,BIGWEST CO.  LTD.,119
24372,BITTERS END  INC,120
20582,BL Production LLC,121
26885,BLUE FINCH FILM RELEASING LIMITED,122
29714,BLUE FOX ENTERTAINMENT2 LLC ,123
25408,BUENA VISTA INTERNATIONAL  INC.,124
22663,BUENA VISTA INTERNATIONAL  INC.,124
22242,BUENA VISTA INTERNATIONAL  INC.,124
22416,BUENA VISTA INTERNATIONAL  INC.,124
22530,BUENA VISTA INTERNATIONAL  INC.,124
23138,BUENA VISTA INTERNATIONAL  INC.,124
26318,BUENA VISTA INTERNATIONAL  INC.,124
25524,BUENA VISTA INTERNATIONAL  INC.,124
22678,BUENA VISTA INTERNATIONAL  INC.,124
27384,BUENA VISTA INTERNATIONAL  INC.,124
23646,BUENA VISTA INTERNATIONAL  INC.,124
27655,BUENA VISTA INTERNATIONAL  INC.,124
25060,BUENA VISTA INTERNATIONAL  INC.,124
23647,BUENA VISTA INTERNATIONAL  INC.,124
26989,BUENA VISTA INTERNATIONAL  INC.,124
26229,BUENA VISTA INTERNATIONAL  INC.,124
24784,BUENA VISTA INTERNATIONAL  INC.,124
26716,BUENA VISTA INTERNATIONAL  INC.,124
26066,BUENA VISTA INTERNATIONAL  INC.,124
28065,BUENA VISTA INTERNATIONAL  INC.,124
29376,BUENA VISTA INTERNATIONAL  INC.,124
22649,BUENA VISTA INTERNATIONAL  INC.,124
23049,BUENA VISTA INTERNATIONAL  INC.,124
29594,BUENA VISTA INTERNATIONAL  INC.,124
28195,BUENA VISTA INTERNATIONAL  INC.,124
26243,BUENA VISTA INTERNATIONAL  INC.,124
20277,BUENA VISTA INTERNATIONAL  INC.,124
23322,BUENA VISTA INTERNATIONAL  INC.,124
23641,BUENA VISTA INTERNATIONAL  INC.,124
19817,BUENA VISTA INTERNATIONAL INC.,125
20362,BUENA VISTA INTERNATIONAL INC.,125
19539,BUENA VISTA INTERNATIONAL INC.,125
19688,BUENA VISTA INTERNATIONAL INC.,125
19657,BUENA VISTA INTERNATIONAL INC.,125
20403,BUENA VISTA INTERNATIONAL INC.,125
18846,BUENA VISTA INTERNATIONAL INC.,125
19150,BUENA VISTA INTERNATIONAL INC.,125
21742,BUENA VISTA INTERNATIONAL INC.,125
19885,BUENA VISTA INTERNATIONAL INC.,125
21422,BUENA VISTA INTERNATIONAL INC.,125
20470,BUENA VISTA INTERNATIONAL INC.,125
20050,BUENA VISTA INTERNATIONAL INC.,125
18984,BUENA VISTA INTERNATIONAL INC.,125
21054,BUENA VISTA INTERNATIONAL INC.,125
21741,BUENA VISTA INTERNATIONAL INC.,125
18891,BUENA VISTA INTERNATIONAL INC.,125
24787,"BUENA VISTA INTERNATIONAL, INC.",126
24416,"BUENA VISTA INTERNATIONAL, INC.",126
24128,"BUENA VISTA INTERNATIONAL, INC.",126
5887,"BUENA VISTA INTERNATIONAL,INC.",127
23923,Bandai Namco Filmworks,128
27959,Bandai Namco Filmworks Inc.,129
25350,Bandai Namco Filmworks Inc.,129
25400,Bandai Namco Filmworks Inc.,129
23197,Bandai Namco Filmworks Inc.,129
25045,Bankside Films Ltd,130
23885,Bankside Films Ltd,130
25637,Bankside Films Ltd,130
26213,Bankside Films Ltd,130
20589,Bavaria Media International A division of Bavaria Media GmbH,131
21046,Be For Films,132
26501,Be On Cloud Co.  Ltd,133
26650,Beijing Monar Films Co.  Ltd,134
28435,Beijing Monar Films Co.  Ltd.,135
26214,Bendita Films Sales,136
20223,Beta Cinema GmbH,137
20534,Beta Cinema GmbH,137
22515,Beta Cinema GmbH,137
19408,Beta Cinema GmbH.,138
26477,Beta Cinema Gmbh,139
23290,Beta Film GmbH,140
18110,Beta Film GmbH,140
19510,Beyond C. Co.  Ltd.,141
25359,Blackbird Productions B.V.,142
29155,Bleiberg Entertainment  LLC,143
25321,Bleiberg Entertainment  LLC,143
23519,Block 2 Distribution Ltd. 春光電影發行有限公司,144
23519,Block 2 Pictures Inc. 春光映画,145
28508,Blue River Films Co.  ltd.,146
20659,Boies,147
28551,Boies,147
23207,Broadway on Demand,148
23839,Broadway on Demand,148
23797,Broadway on Demand,148
20103,Busch Medie Group GmbH ,149
20992,CAPSTONE GLOBAL CORP,150
23284,CARGO FILM ,151
5513,CARLOTTA FILMS,152
27770,CASTELAO PICTURES,153
24859,"CASTELAO PICTURES, S.L.U.",154
19205,CASTELAＯ PICTURES,155
22309,CAT,156
25285,CAT&Docs,157
24474,CBC Radio-Canada,158
18745,CENTRAL PARTNERSHIP SALES HOUSE,159
22895,CERCAMON MFZE ,160
19627,CHARADES,161
25983,CHARADES,161
18749,CHARADES,161
24341,CHARADES,161
23904,CHARADES,161
23872,CHARADES,161
26320,CHARADES,161
20802,CHARADES,161
21993,CHARADES,161
18053,CHARADES,161
22173,CHARADES,161
21440,CHARADES,161
28476,CHARADES	,162
23462,CHARADES ,163
29427,CHARADES S.A.S,164
23198,CHARADES SAS,165
29617,CINECITTA S.p. A.,166
26140,CINEMA INUTILE  INC.,167
26777,CINEMA MANAGEMENT GROUP,168
18629,CINEMA MANAGEMENT GROUP LLC,169
14880,CJ 4DPLEX,170
29553,CJ 4DPLEX CO. LTD 	 ,171
20981,CJ 4DPLEX CO. Ltd.,172
23882,CJ CGV CO.  LTD.,173
8031,CJ E,174
13290,CJ ENM CO. LTD,175
19243,CJ ENM CO. LTD.,176
19240,CJ ENM CO. LTD.,176
20654,CJ ENM CO. Ltd,177
23587,CJ ENM Co.  Ltd.,178
27030,CJ HK Entertainment Company Ltd,179
23519,CLASSIC SRL,180
26872,COHEN MEDIA GROUP  LLC,181
28047,CONTENTS PANDA,182
29007,CONTENTS PANDA,182
26368,CS PRODUCTION,183
28166,CULTURE ENTERTAINMENT CO,184
23401,CULTURE ENTERTAINMENT CO.  LTD.,185
23639,CULTURE ENTERTAINMENT CO.  LTD.,185
27523,CULTURE ENTERTAINMENT CO.  LTD.,185
20489,Carlotta Films,186
29605,Castelao Pictures,187
24051,Castelao Pictures,187
22893,Castelao Pictures,187
20124,Celluloid Dreams SARL,188
24515,Celluloid Dreams SAS,189
26313,Celluloid Dreams SAS,189
24497,Celluloid Dreams SAS,189
22524,Central Partnerhsip Sales House LCC,190
21173,Central Partnership Sales House,191
19136,Central Partnership Sales House,191
22523,Cercamon MFZE,192
21356,Charades,193
24117,Charades,193
23548,Charades ,194
24066,Children's Town Limited.,195
25148,Choirock Contents Company Co.  Ltd.,196
18829,Choirock Contents Company Co. Ltd.,197
27548,Cinecittà S.p.A.,198
27989,Cinema Inutile,199
28363,Cinema Inutile,199
26750,Cinema Management Group,200
28083,Cinema Management Group  LLC,201
21528,Cinema Management Group LLC,202
20729,Cinephil,203
18785,Cinephil-Philippa Kowarsky Productions Ltd,204
3955,Cinémathèque Filmarchief,205
27047,Clover Films,206
27172,Cornerstone Films Ltd,207
21906,Creation Stories Limited,208
26751,CyberAgent  Inc.,209
26751,Cygames  Inc.,210
23637,DENTSU PROMOTION PLUS INC.,211
23638,DENTSU PROMOTION PLUS INC.,211
29093,DHARMA PRODUCTIONS,212
23121,DMM.com LLC,213
28159,DMM.com LLC 	 ,214
25990,DOGWOOF LTD,215
27840,DOGWOOF LTD,215
28778,DOGWOOF LTD,215
28082,DR Sales,216
27109,DR Sales,216
29011,Deckert Distribution GmbH ,217
27414,Dentsu Anime Solutions Inc.,218
28826,Dentsu Anime Solutions lnc.,219
28840,Dentsu Anime Solutions lnc. 	 ,220
27007,Dentsu Tec Inc.,221
28761,Deux Dames Entertainment,222
20674,Distribution Workshop (BVI) Limited,223
22309,Docs,224
28108,ELIZABETH PRODUCTIONS LIMITED,225
18268,ELLE DRIVER,226
24045,ELLE DRIVER,226
24063,ELLE DRIVER SAS,227
20873,ELLE DRIVER SAS,227
27873,ELYSIÜM CINÉ,228
18456,EMBANKMENT FILMS LIMITED,229
26339,EMBANKMENT FILMS LIMITED,229
17975,EMBANKMENT FILMS LIMITED,229
27512,EMBANKMENT FILMS LIMITED,229
29065,EPIC PICTURES GROUP  INC. ,230
26367,EPILEPTIC,231
29086,EST N8 LLC,232
26872,EURIMAGES,233
25631,EYRIE ENTERTAINMENT GmbH,234
20363,Elle Driver,235
24467,Embankment Films Ltd.,236
24053,Enjoy TV Holding Sdn. Bhd,237
29573,Epic Records Japan Inc.,238
29616,Ergis film Productions,239
21031,Error 404 Productions,240
21994,Essen.Communications Inc.,241
28404,EuropaCorp,242
20652,Evrit Consulting Kft.,243
20867,Exocorpus Productions,244
19601,FGD Movie Inc.,245
21821,FILM,246
27522,FILM ,247
25177,FILM BOUTIQUE SAS,248
21221,FILM CONSTELLATION LTD.,249
24094,FILM CONSTELLATION LTD.,249
26148,FILM CONSTELLATION LTD.,249
24256,FILM CONSTELLATION SAS,250
29064,FILM FACTORY ENTERTAINMENT,251
20596,FILM FACTORY ENTERTAINMENT,251
23560,FILM FACTORY ENTERTAINMENT,251
19857,FILM FACTORY ENTERTAINMENT,251
23122,FILM FACTORY ENTERTAINMENT,251
21352,FILM FACTORY ENTERTAINMENT,251
18826,FILM FOUR LIMITED,252
26872,FILM FUND LUXEMBOURG,253
24951,FILMS BOUTIQUE SAS,254
23887,FILMS BOUTIQUE SAS,254
20962,FILMS BOUTIQUE SAS,254
5183,FILMS DISTRIBUTION,255
27552,FILMS SANS FRONTIERES,256
25242,FINECUT,257
23146,FINECUT CO.  LTD,258
27763,FINECUT CO.  LTD.,259
9051,FINECUT CO.  LTD.,259
24842,FINECUT CO.  LTD.,259
29371,FINECUT CO.  LTD.,259
28490,FINECUT CO.  LTD.,259
26806,FINECUT CO.  LTD.,259
28475,FINECUT CO.  LTD.,259
20942,FINECUT CO. LTD,260
18516,FINECUT CO. LTD,260
20633,FINECUT CO. LTD.,261
20555,FINECUT CO. LTD.,261
18817,FINECUT CO. LTD.,261
24542,"FINECUT CO., LTD.",262
24201,"FINECUT CO., LTD.",262
22117,FIREBIRD PRODUCTION LIMITED,263
27873,FIXAFILM,264
22879,FLAMING DEVILS  LLC,265
13268,FONDAZIONE CINETECA DI BOLOGNA,266
3033,FORTISSIMO AMSTERDAM B.V,267
20741,FORTUNE STAR MEDIA LIMITED,268
20697,FORTUNE STAR MEDIA LIMITED,268
20763,FORTUNE STAR MEDIA LIMITED,268
20702,FORTUNE STAR MEDIA LIMITED,268
20451,FRANCE TELEVISIONS DISTRIBUTION,269
27603,FRANCE TELEVISIONS DISTRIBUTION,269
24284,FRANCE TELEVISIONS DISTRIBUTION,269
20177,FREANCE TELEVISIONS DISTRIBUTION,270
19690,FREEWAY ENTERTAINMENT KFT.,271
20528,FREEWAY ENTERTAINMENT KFT.,271
26682,FUJI CREATIVE CORPORATION,272
19788,FUJI CREATIVE CORPORATION,272
27491,FUJI CREATIVE CORPORATION,272
26122,FUJI CREATIVE CORPORATION,272
26949,FUJI CREATIVE CORPORATION,272
7310,FUNNY BALLOONS,273
24254,FUNNY BALLOONS,273
22020,FURYU CORPORATION,274
20143,Fandom Holdings LLC.,275
25827,Fandom Holdings LLC.,275
18693,Fandom Holdings LLC.,275
27178,Fantawild Animation Inc.,276
20941,Festimania Pictures SL,277
29188,Film ,278
26515,Film Constellation Ltd.,279
25130,Film Constellation SAS,280
26149,Film Factory Entertainment,281
25101,Film Factory Entertainment,281
23858,Film Factory Entertainment S.L.,282
24105,Film Mode Entertainment,283
20827,Film Republic Sales Ltd,284
28363,Films de Force Majeure,285
21165,Films de Force Majeure,285
26307,Filmtank Berlin,286
29099,Finecut Co.  Ltd.,287
21045,First Hand Films,288
24833,"Five Star Production Co.,Ltd.",289
21210,Five Star Production Company Limited,290
20740,Flying Clound Production Inc.,291
20671,Fortune Star Media Limited,292
25393,Frame of Mind Dilms  Inc,293
21717,France Televisions Distribution,294
22881,Free Stone Productions Co.  Ltd.,295
22508,Free Stone Productions Co.  Ltd.,295
20993,Free Stone Productions Co. LTD.,296
26388,Free Stone Productions Co. Ltd.,297
20951,Free Stone Productions Co. Ltd.,297
20235,Freeway Entertainment Kft.,298
24662,Freeway Entertainment Kft.,298
24108,Fuji Creative Corporation,299
22378,Fuji Creative Corporation,299
20865,Fuji Creative Corporation,299
28271,Funny Flux Co.  Ltd.,300
19357,G.H.Y. Culture ,301
24112,GAGA CORPORATION,302
27375,GAGA CORPORATION,302
23700,GAGA CORPORATION,302
21624,GAGA Corporation,303
22503,GAGA Corporation,303
28356,GAGA Corporation,303
21382,GAGA Corporation,303
21354,GAGA Corporation,303
20529,GAGA Corporation,303
29623,GAGA Corporation ,304
28178,GAGA Corporation.,305
27938,GAGA Corporstion,306
27958,GAGA Corporstion 	  	 ,307
26656,GAUMONT,308
20485,GAUMONT S.A,309
21809,GAUMONT S.A.,310
27964,GAUMONT S.A.,310
20399,GAUMONT S.A.,310
6210,GAUMONT S.A.,310
27654,GDH 559 CO.  LTD.,311
24311,GDH 559 COMPANY LIMITED,312
29063,GDH 559 COMPANY LIMITED,312
25777,GDH 559 COMPANY LIMITED,312
29610,GDH 559 COMPANY LIMITED,312
22115,GEM ENTERTAINMENT KFT.,313
29716,GEM ENTERTAINMENT KFT.,313
24189,GEM ENTERTAINMENT KFT.,313
18014,GEM ENTERTAINMENT KFT.,313
22963,GEM ENTERTAINMENT KFT.,313
20929,GEM ENTERTAINMENT KFT.,313
27813,GEM Entertainment Kft.,314
23861,GEM Entertainment Kft.,314
25349,GEM Entertainment Kft.,314
27045,GEM Entertainment Kft.,314
26842,GEM Entertainment Kft.,314
23888,GEM Entertainment Kft. ,315
28527,GFM Animation,316
28213,GFM Animation,316
28176,GFM Animation Limited,317
20693,GFM FILMS LLP,318
26368,GLADYS GLOVER,319
20265,GMM TV COMPANY LIMITED,320
24915,GMM TV Company Limited,321
27736,GMM TV Company Limited,321
16906,GOLDCREST FILMS INTERNATIONAL LIMITED,322
26690,GOLDEN SCENE COMPANY LIMITED,323
23385,GOLDEN SCENE COMPANY LIMITED,323
27002,GOLDEN SCENE COMPANY LIMITED,323
26804,GOODFELAS,324
24573,GOODFELLAS,325
27483,GOODFELLAS,325
29527,GOODFELLAS SAS,326
26242,Gaga Corporation,327
26351,Gaumont,328
21355,Gaumont,328
23957,Gaumont S.A.,329
24095,Gaumont S.A.,329
15271,Giraffe Pictures PTE Ltd. ,330
5511,Goethe-Institut Korea,331
26398,Gold View Co.  Ltd.,332
27506,Golden Scene Company Limited,333
17126,Golden Scene Company Limited,333
21626,Good Move Media,334
19908,Good Move Media,334
20952,Good Vibe Media,335
20714,Good Vibe Media,335
25993,Gravitas Ventures  LLC,336
21758,Great Point Media Limited,337
26606,Green Light LCC.,338
22350,Green Light LLC.,339
27735,H264,340
27647,H264 ,341
26630,HAKUHODO DY MUSIC ,342
26741,HAKUHODO DY MUSIC ,342
14480,HANWAY FILMS LIMITED,343
22611,HANWAY FILMS LIMITED,343
19272,HANWAY FILMS LIMITED,343
19092,HANWAY FILMS LIMITED,343
16474,HANWAY FILMS LIMITED,343
21265,HANWAY FILMS LIMITED,343
20445,HANWAY FILMS LIMITED,343
22407,HANWAY FILMS LIMITED,343
2858,HANWAY FILMS LIMITED,343
17878,HANWAY FILMS LIMITED,343
14021,HANWAY FILMS LIMITED,343
16101,HANWAY FILMS LIMITED,343
24703,HANWAY FILMS LIMITED,343
26881,HANWAY FILMS LIMITED ,344
28493,HI-AX LLP,345
19269,HIVE FILMWORKS INC.,346
25168,HOUSE OF FILM,347
26368,HOUSE ON FIRE,348
16189,HX Investment (HK) Limited,349
24496,HYPNOTIC FILM HOLDINGS LLC,350
27379,Hakuhodo DY music ,351
21780,Hakuhodo DY music ,351
29237,Hakuhodo DY music ,351
17129,Hakuhodo DY music ,351
28099,Hakuhodo DY music ,351
27966,Hakuhodo DY music ,351
19000,Hakuhodo DY music ,351
27029,Hakuhodo DY music ,351
27445,Hakuhodo DY music ,351
27648,Hakuhodo DY music ,351
21350,Hakuhodo DY music ,351
15965,Hanway Films Limited,352
20290,Hanway Films Limited,352
24734,Hanway Films Limited,352
20292,Hanway Films Limited,352
26389,Hanway Films Limited,352
20293,Hanway Films Limited,352
18530,Hanway Films Limited,352
26345,Hanway Films Limited,352
20291,Hanway Films Limited,352
26882,Hanway Films Limited ,353
24876,Happinet Phantoal Studios,354
29441,Happinet Phantom Studios Corporation,355
26751,Happinet Phantom Studios Corporation,355
27666,Happinet Phantom Studios Corporation,355
22421,Happinet Phantom Studios Corporation ,356
27873,Harine Films,357
24728,Harvest Film,358
20515,Haven Productions Ltd.,359
23437,Hedva Goldschmidt - Go2Films,360
19920,Heretic,361
25588,Hive Filmwokers Inc.,362
28280,Hollywood (Thailand) Co.  Ltd.,363
26631,Hollywood(Thailand)Co. Ltd,364
27949,House of Film LLC,365
24716,ILLUMINATIONS TELEVISION LTD.,366
21039,IMAX Corporation,367
21041,IMAX Corporation.,368
21037,IMAX Corporation.,368
23288,IMAX Corporation.,368
21040,IMAX Corporation.,368
21038,IMAX Corporation.,368
23287,IMAX Film Holding Co.,369
21036,IMAX Film Holding Co.,369
21035,IMAX Film Holding Co.,369
19093,INDIE SALES COMPANY,370
28526,INDIE SALES COMPANY,370
27416,INDIE SALES COMPANY,370
26692,INDIE SALES COMPANY,370
26967,INDIE SALES COMPANY,370
22754,INDIESTORY INC,371
26509,INOLMEDIA,372
20994,INOLMEDIA Co. Ltd,373
23366,INTERCONMEDIA INTERNATIONAL CO.  LTD.,374
25167,"INTERCONMEDIA INTERNATIONAL CO., LTD.",375
21536,INTRAMOVIES,376
18824,Ice Road Productions LLC,377
26038,Independent Entertainment,378
20801,Indiestory Inc.,379
29249,Inolmedia,380
27435,Ippo Inc.,381
23354,Iranian Independents,382
23041,Itami Productions Co.  Ltd.,383
23040,Itami Productions Co.  Ltd.,383
24994,"Itami Productions Co., Ltd.",384
24993,"Itami Productions Co., Ltd.",384
24991,"Itami Productions Co., Ltd.",384
24996,"Itami Productions Co., Ltd.",384
24995,"Itami Productions Co., Ltd.",384
24992,"Itami Productions Co., Ltd.",384
25099,"Itami Productions Co., Ltd.",384
25100,"Itami Productions Co., Ltd.",384
19787,J Storm,385
20779,JAPAN HOME VIDEO INC.,386
12431,JAVA FILMS,387
26647,JOINT VENTURE NOT FRIENDS,388
24094,JOYLAND LLC.,389
26751,JR East Marketing ,390
26140,JW SAB ,391
21732,Jet Tone Films Limited,392
20716,Jet Tone Films Limited,392
18149,Jet Tone Productions Ltd.,393
23576,Joint Venture Destiny The Movie,394
28479,K- MOVIE ENTERTAINMENT,395
20110,K-Movie Entertainment,396
20983,KADOKAWA,397
19264,KADOKAWA CORPORATION,398
22228,KADOKAWA CORPORATION,398
24118,KADOKAWA CORPORATION,398
26845,KADOKAWA CORPORATION,398
24212,KADOKAWA CORPORATION,398
24514,KADOKAWA CORPORATION,398
23249,KADOKAWA CORPORATION,398
24087,KADOKAWA CORPORATION,398
6308,KADOKAWA CORPORATION,398
21441,KADOKAWA CORPORATION,398
20101,KADOKAWA CORPORATION,398
26553,KADOKAWA CORPORATION,398
29483,KADOKAWA CORPORATION,398
29097,KADOKAWA CORPORATION 	 ,399
19920,KARNAVAS-KONTOVRAKIS KAI SIA OE,400
26751,KDDI CORPORATION,401
23115,KING RECORD CO.  LTD.,402
23473,KING RECORD CO.  LTD.,402
26843,KING RECORD CO.  LTD.,402
20699,KING RECORD CO. LTD.,403
13292,KING RECORD COMPANY LIMITED,404
26578,KING RECORD COMPANY LIMITED,404
29763,KINO FILMS CO.  LTD.,405
29514,KINO FILMS CO. LTD,406
24253,KINO SWIAT,407
27643,KINOLOGY,408
26257,KINOLOGY,408
22349,KINOLOGY,408
29189,KINOLOGY.,409
28501,KINOLOGY.,409
28777,KINOSHITA GROUP CO.  LTD,410
25039,KINOSHITA GROUP CO.  LTD.,411
25992,KINOSHITA GROUP CO.  LTD.,411
23603,KINOSHITA GROUP CO.  LTD.,411
29653,KODANSHA Ltd.,412
18794,KT HITEL CO. LTD.,413
18813,KT HITEL CO. LTD.,413
26751,Kansai Television Co. Ltd.,414
20314,Kick The Machine Films,415
21388,Kinology,416
20300,Kinology,416
25445,KowaInternationalCo. Ltd.,417
25650,KowaInternationalCo. Ltd.,417
25651,KowaInternationalCo. Ltd.,417
28638,Kt alpha Co Ltd,418
25323,LATIDO CONSORCIO DE EXPORTACION DEL CINE ESPANOL SL,419
28045,LATIDO CONSORCIO DE EXPORTACION DEL CINE ESPANOL SL,419
21824,LE PACTE,420
28503,LE PACTE,420
25352,LE PACTE,420
23712,LE PETIT BUREAU S.A.S,421
22756,LES FILMS DE LA PLEIADE,422
21664,LES FILMS DU LOSANGE,423
29620,LES FILMS DU LOSANGE,423
23375,LES FILMS DU LOSANGE,423
25461,LES FILMS DU LOSANGE,423
20925,LIONS GATE INTERNATIONAL (UK) LIMITED,424
23426,LIONS GATE INTERNATIONAL (UK) LIMITED,424
26092,LOCO FILMS,425
21888,LOCO FILMS,425
23221,LOCO FILMS ,426
20673,LUNAR FILMS PTY LIMITED,427
20672,LUNAR FILMS PTY LIMITED,427
26794,LUXBOX,428
21866,LUXBOX SAS,429
29372,LUXBOX SAS,429
29652,LUXBOX SAS,429
27551,Latido C. E. C. E.,430
23392,Le Pacte,431
18306,Lemming Film,432
21399,Les Grands Films Classiques,433
26803,LevelK ApS,434
23154,LevelK ApS,434
26387,LevelK ApS,434
21380,LevelK ApS,434
21706,LevelK ApS,434
26691,Lightcraft Entertainment Sp. z o.o.,435
27446,Lions Gate International (UK) Limited,436
28384,Lotte CultureWorks Co.  Ltd.,437
23487,Lotus Production SRL,438
23838,Luminescence Kft.,439
23704,Luminescence Kft.,439
25040,Luminescence Kft.,439
25344,Luminescence Kft.,439
24880,Luminescence Kft.,439
28177,Luminescence Kft.,439
19991,Lunar Films Pty. Limited,440
24088,Luxbox SAS,441
8031,M CORPORATION,442
28301,M DISTRIBUTION CO.  LTD.,443
23199,M LINE DISTRIBUTION,444
27108,M PICTURES CO. LTD.,445
26126,M PICTURES COMPANY LIMITED,446
24309,M PICTURES COMPANY LIMITED,446
23085,M PICTURES COMPANY LIMITED,446
3142,M PICTURES COMPANY LIMITED.,447
26543,M Pictures CO.  LTD.,448
21236,M- Appeal,449
20661,M-LINE DISTRIBUTION,450
25425,M-Line Distribution,451
25413,"MA STUDIOS LTD,文化內容策進院,財團法人台北市文化基金會台北市電影委員會",452
29157,MAD SOLUTIONS,453
16420,MADHOUSE Inc. ,454
18792,MAGIC FAIR LLC.,455
20193,MAGNETFILM GmbH.,456
19372,MAKARAMPA S.R.L.,457
21709,MANKIND CINEMAS,458
20289,MEDIAPRODUCCION S.L.U.,459
25985,MEDIAWAN RIGHTS,460
26247,MEDIAWAN RIGHTS,460
20632,MEMENTO FILMS INTERNATIONAL,461
22404,MEMENTO INTERNATIONAL,462
23933,MEMENTO INTERNATIONAL,462
23565,MEMENTO INTERNATIONAL,462
26508,MILLENNIUM MEDIA  INC.,463
17499,MILLENNIUM MEDIA  INC.,463
25428,MILLENNIUM MEDIA  INC. ,464
18816,"MILLENNIUM MEDIA,INC.",465
20365,MK2,466
938,MK2,466
2814,MK2 - SOCIÉTÉ PAR ACTIONS SIMPLIFIÉE,467
2813,MK2 - SOCIÉTÉ PAR ACTIONS SIMPLIFIÉE,467
2815,MK2 - SOCIÉTÉ PAR ACTIONS SIMPLIFIÉE,467
26932,MK2 FILMS,468
20758,MK2 FILMS,468
23187,MK2 FILMS,468
23516,MK2 FILMS,468
20728,MK2 FILMS,468
23754,MK2 FILMS,468
27156,MK2 FILMS,468
21021,MK2 FILMS,468
20457,MK2 FILMS,468
23493,MK2 FILMS,468
23792,MK2 FILMS,468
20804,MK2 FILMS,468
21032,MK2 FILMS,468
21659,MK2 FILMS,468
27014,MK2 FILMS,468
20943,MK2 FIMLS,469
20136,MK2 Films,470
10963,MK2 Films,470
21863,MK2 Films,470
22356,MK2 Films,470
20169,MK2 Films,470
21311,MK2 Films,470
18751,MK2 Films,470
27463,MK2 Films,470
15103,MK2 Films,470
24072,MK2 Films,470
26686,MK2 Films ,471
23897,MK2 films,472
2224,MK2-SOCIÉTÉ PAR ACTIONS SIMPLIFIÉE,473
18814,MK2–Société par Actions Simplifiée,474
18848,MK2–Société par Actions Simplifiée,474
18815,MK2–Société par Actions Simplifiée,474
18898,MK2–Société par Actions Simplifiée,474
28219,MM2 ENTERTAINMENT,475
24786,"MM2 Entertainment,J Team Productions,Beyond Consultancy Pte Ltd,Euroautomobile,Ginko Agt Alpha Fund,Johan Pte Ltd,Starngaga Pte Ltd,新樂傳媒 Vizpro Media International,Wholeteam Limited",476
26033,MM2 STUDIOS HONG KONG  LTD,477
23965,MM2 STUDIOS HONG KONG LIMITED,478
27046,MONOLITH FILMS LTD. ,479
22959,MOTION PICTURE EXCHANGE LLC,480
23785,MPM PREMIUM,481
26731,MPM Premium,482
28877,MUBI INC.,483
27495,MVP Pictures (PT Tripar Multivision Plus Tbk),484
26362,Magnolia Pictures,485
27001,Magnolia Pictures LLC,486
28829,Magnolia Pictures LLC,486
23948,Mainichi Broadcasting System  Inc.,487
25728,MakerVille Company Limited,488
24731,"MakerVille Company Limited,Noble Castle Asia Limited",489
25537,Maria Rita TUCCIO,490
27641,Marvelous Inc.,491
21790,Marvelous Inc.,491
28378,Marvelous Inc.,491
27501,Marvelous Inc. ,492
22408,Marvelous Inc. 	,493
22167,Marvelous Inc. 	 ,494
24096,Marvelous lnc.,495
21381,Masakazu Kaneko,496
22113,MegaboxJoongang  Inc,497
25244,Megaton Entertainment,498
24840,Memento Films International ,499
22738,Memento International,500
23352,Memento International ,501
29466,Mise en Scene Film Production Ltd,502
27784,Mono Streaming Company Limited,503
23508,More In Group Inc.,504
21214,Munchen,505
24717,NAXOS RIGHTS（Europe）Ltd,506
27438,NBC Film,507
28647,NERAMITNUNGFILM CO.  LTD.,508
20336,NEW DOCS e.K.,509
28564,NHK Enterprises Inc 	 ,510
25313,NIKKATSU CORPORATION,511
25761,NIKKATSU CORPORATION,511
23492,NIKKATSU CORPORATION,511
20919,NIKKATSU CORPORATION,511
22532,NIKKATSU CORPORATION,511
21315,NIKKATSU CORPORATION,511
24418,NIKKATSU CORPORATION,511
24310,NIKKATSU CORPORATION,511
20609,NIKKATSU CORPORATION,511
24999,NIKKATSU CORPORATION,511
24200,NIKKATSU CORPORATION,511
24755,NIKKATSU CORPORATION,511
23224,NIKKATSU CORPORATION ,512
23663,NIKKATSU CORPORATION ,512
28552,NIKKATSU CORPORATION ,512
24468,NIPPON TELEVISION NETWORK CORPORATION,513
22431,NIPPON TELEVISION NETWORK CORPORATION,513
23192,NIPPON TELEVISION NETWORK CORPORATION,513
28207,NORLING STUDIOS,514
22307,NWAVE PICTURES,515
29618,Nagisa Oshima Productions  LTD,516
24060,Nagoya Broadcasting Network,517
23235,Nagoya Broadcasting Network Co.  Ltd.,518
22802,Nagoya Broadcasting Network Co.  Ltd.,518
28098,Nagoya Broadcasting Network Co.  Ltd.,518
28655,Nagoya Broadcasting Network Co.  Ltd. ,519
20295,Nagoya Broadcasting Network Co. Ltd.,520
19811,National Film and Sound Archive of Australia,521
18228,Neopa Inc,522
18231,Neopa Inc,522
22110,Neramitnung Film Co.  Ltd.,523
24867,New Europe Film Sales,524
27944,New Europe Film Sales sp. zo.o.,525
22512,Nikkatsu Corporation,526
22244,Nikkatsu Corporation,526
22533,Nikkatsu Corporation,526
22797,Nikkatsu Corporation,526
28894,Nippon Television Network Corporation,527
21058,Nippon Television Network Corporation,527
26580,Nippon Television Network Corporation,527
28302,Noontalk Media Ltd(午言媒體),528
23828,OLIWOOD MEDIA LTD,529
20454,ORANGE STUDIO,530
20903,ORANGE STUDIO,530
25118,ORANGE STUDIO,530
25042,ORANGE STUDIO,530
23666,ORANGE STUDIO ,531
23546,ORANGE STUDIO S.A,532
23519,ORLY FILMS ,533
14475,OSHIMA PRODUCTIONS LTD,534
23285,OTHER ANGLE PICTURES,535
3350,OTHER ANGLE PICTURES,535
28302,Oak3 Films Pte. Ltd(松山電影),536
22270,Odin's Eye Animation Pty Ltd,537
26208,One Tree Productions Pty Ltd,538
26780,Op-Docs | The New York Times,539
20406,Orange Studio,540
23345,Orisa produzioni Srl,541
20862,Other Angle Pictures,542
22740,Other Angle Pictures,542
28270,PANCINEMA,543
23519,PARADIS FILMS,544
21732,PARADIS FILMS,544
23736,PARAMOUNT PICTURES CORPORATION,545
20820,PARAMOUNT PICTURES CORPORATION,545
18983,PARAMOUNT PICTURES CORPORATION,545
21117,PARAMOUNT PICTURES CORPORATION,545
22373,PARAMOUNT PICTURES CORPORATION,545
20748,PARAMOUNT PICTURES CORPORATION,545
24868,PARAMOUNT PICTURES CORPORATION,545
24532,PARAMOUNT PICTURES CORPORATION,545
23794,PARAMOUNT PICTURES CORPORATION,545
25061,PARAMOUNT PICTURES CORPORATION,545
29206,PARAMOUNT PICTURES CORPORATION,545
20240,PARAMOUNT PICTURES CORPORATION,545
27870,PARAMOUNT PICTURES CORPORATION,545
23517,PARAMOUNT PICTURES CORPORATION,545
26796,PARAMOUNT PICTURES CORPORATION,545
28393,PARAMOUNT PICTURES CORPORATION,545
22195,PARAMOUNT PICTURES CORPORATION,545
19919,PARAMOUNT PICTURES CORPORATION,545
29633,PARAMOUNT PICTURES CORPORATION,545
22328,PARAMOUNT PICTURES CORPORATION,545
25816,PARAMOUNT PICTURES CORPORATION,545
25460,PARAMOUNT PICTURES CORPORATION,545
27387,PARAMOUNT PICTURES CORPORATION,545
28892,PARAMOUNT PICTURES CORPORATION,545
20384,PARK CIRCUS LIMITED,546
14586,PARK CIRCUS Limited,547
23320,PARKLAND PICTURES LIMITED,548
27229,PATHE FILMS,549
15218,PATHE FILMS S.A.S,550
18169,PATHE FILMS S.A.S,550
23546,PATHE FILMS S.A.S,550
28776,PATHE FILMS S.A.S.,551
22243,PATHE FILMS S.A.S.,551
26624,PATHE FUND LIMITED,552
23927,PETRA Films Pte Ltd ,553
18291,PICTURE TREE INTERNATIONAL GMBH,554
29656,PLAYGRAM CO. LTD.,555
29593,PLAYTIME,556
26314,PLAYTIME,556
22894,PONY CANYON,557
19242,PONY CANYON INC.,558
22511,PONY CANYON INC.,558
24317,PONY CANYON INC.,558
29517,PONY CANYON INC.,558
26193,PONY CANYON INC.,558
23416,PONY CANYON INC.,558
23222,PONY CANYON INC.,558
22380,PONY CANYON INC.,558
19766,PONY CANYON INC.,558
18705,PONY CANYON INC.,558
23264,PONY CANYON INC.,558
23262,PONY CANYON INC.,558
14034,PONY CANYON INC.,558
20824,PONY CANYON INC.,558
29516,PONY CANYON INC. ,559
28532,PONY CANYON INC. ,559
28504,PONY CANYON INC.  	 ,560
27120,PONYCANYON USA INC.,561
27437,PREMIERE ENTERTAINMENT GROUP LLC,562
28783,PREMIERE ENTERTAINMENT GROUP LLC,562
28828,PREMIERE ENTERTAINMENT GROUP LLC,562
23665,PREMIERE ENTERTAINMENT GROUP LLC,562
18620,PRENOM H. Co.  Ltd.,563
18040,PROTAGONIST PICTURES LIMITED,564
20683,PROTAGONIST PICTURES LIMITED,564
26150,PT MD Pictures Tbk.,565
27235,PT VISINEMA PICTURES,566
27997,PT. Multi Utama Media,567
26431,PT.KHARISMA STARVISION PLUS,568
23859,PULSAR CONTENT SAS ,569
14845,PYRAMIDE INTERNATIOANL,570
25763,PYRAMIDE INTERNATIONAL,571
26941,PYRAMIDE INTERNATIONAL,571
23827,PYRAMIDE INTERNATIONAL,571
20395,PYRAMIDE INTERNATIONAL,571
25175,Park Circus,572
26361,Park Circus Group,573
29619,Park Circus Limited,574
22755,Park Circus Limited,574
17581,Park Circus Limited,574
22758,Park Circus Limited,574
23727,Piano B Prosuzioni s.r.l.,575
27821,Picture Tree International GmbH,576
25163,Picture Tree International GmbH ,577
26957,Playtime,578
20364,Playtime,578
19204,Playtime,578
21660,Playtime,578
20928,Playtime,578
25246,Playtime,578
17412,Playtime,578
19922,Pluto Film Distribution Network Gmbh,579
25176,PonyCanyon,580
25241,PonyCanyon,580
27873,Potocol Pte. Ltd.,581
27550,Producciones La Tiorba,582
28310,Pyramide International,583
25360,Pyramide International,583
25423,Pyramide International,583
29702,Pyramide International,583
21386,RAKUTEN GROUP INC,584
28214,RAVEN BANNER ENTERTAINMENT INC.,585
23364,REDIANCE,586
25086,RELAY MOTION KFT.,587
24881,RELAY MOTION KFT.,587
24073,RELAY MOTION KFT.,587
24841,RELAY MOTION KFT.,587
26324,RELAY MOTION KFT.,587
25729,RELAY MOTION KFT.,587
25801,RELAY MOTION KFT.,587
23892,RELAY MOTION KFT.,587
24661,RELAY MOTION KFT.,587
21945,RELAY MOTION KFT.,587
26377,RELAY MOTION KFT.,587
28455,RELAY MOTION KFT.,587
28654,RELAY MOTION KFT.,587
28534,RELAY MOTION KFT.,587
27447,RELAY MOTION KFT.,587
27810,RELAY MOTION KFT.,587
28738,RELAY MOTION KFT.,587
28782,RELAY MOTION KFT.,587
28839,RELAY MOTION KFT.,587
27623,RELAY MOTION KFT.,587
29513,RELAY MOTION KFT.,587
28403,RELAY MOTION KFT.,587
28198,RELAY MOTION KFT.,587
26625,RELAY MOTION KFT.,587
27155,RELAY MOTION KFT.,587
26959,RELAY MOTION KFT.,587
26759,RELAY MOTION KFT.,587
27952,RELAY MOTION KFT.,587
27343,RELAY MOTION KFT.,587
26581,RELAY MOTION KFT.,587
26779,RELAY MOTION KFT.,587
18137,RELAY MOTION KFT.,587
28269,RELAY MOTION KFT.,587
26990,RELAY MOTION KFT.,587
27372,RELAY MOTION KFT.,587
28569,RELAY MOTION KFT.,587
29718,RELAY MOTION KFT.,587
26926,RELAY MOTION KFT.,587
27836,RELAY MOTION KFT.,587
26805,RELAY MOTION KFT.,587
28878,RELAY MOTION KFT.,587
28165,RELAY MOTION KFT.,587
29757,RELAY MOTION KFT.,587
28964,RELAY MOTION KFT.,587
29736,RELAY MOTION KFT.,587
27028,RELAY MOTION KFT.,587
27327,RELAY MOTION KFT.,587
27382,RELAY MOTION KFT.,587
27151,RELAY MOTION KFT.,587
27500,RELAY MOTION KFT.,587
26566,RELAY MOTION KFT.,587
28410,RELAY MOTION KFT.,587
24531,RELAY MOTION KFT.,587
28626,RELAY MOTION KFT.,587
27646,RELAY MOTION KFT.,587
27812,RELAY MOTION KFT.,587
29390,RELAY MOTION KFT.,587
28063,RELAY MOTION KFT.,587
29009,RELAY MOTION KFT.,587
27667,RELAY MOTION KFT.,587
29645,RELAY MOTION KFT.,587
26763,RELAY MOTION KFT.,587
28653,RELAY MOTION KFT.,587
27547,RELAY MOTION KFT.,587
26760,RELAY MOTION KFT.,587
27932,RELAY MOTION KFT.,587
29525,RELAY MOTION KFT.,587
27811,RELAY MOTION KFT.,587
24260,RELAY MOTION KFT.,587
27768,RELAY MOTION KFT.,587
27070,RELAY MOTION KFT.,587
28349,RELAY MOTION KFT.,587
28010,RELAY MOTION KFT.,587
28784,RELAY MOTION KFT.,587
27237,RELAY MOTION KFT.,587
19169,RELAY MOTION KFT.,587
26856,RELAY MOTION KFT.,587
24754,RELAY MOTION KFT.,587
26352,RELAY MOTION KFT.,587
24432,RELAY MOTION KFT.,587
23123,RELAY MOTION KFT.,587
23312,RELAY MOTION KFT.,587
24834,RELAY MOTION KFT.,587
28477,RELAY MOTION KFT.,587
23145,RELAY MOTION KFT.,587
24789,RELAY MOTION KFT.,587
26454,RELAY MOTION KFT.,587
25072,RELAY MOTION KFT.,587
25245,RELAY MOTION KFT.,587
24033,RELAY MOTION KFT.,587
24308,RELAY MOTION KFT.,587
25815,RELAY MOTION KFT.,587
25105,RELAY MOTION KFT.,587
25324,RELAY MOTION KFT.,587
24914,RELAY MOTION KFT.,587
16264,RELAY MOTION KFT.,587
23956,RELAY MOTION KFT.,587
24050,RELAY MOTION KFT.,587
26817,RELAY MOTION KFT.,587
27053,RELAY MOTION KFT.,587
26696,RELAY MOTION KFT.,587
26618,RELAY MOTION KFT.,587
26911,RELAY MOTION KFT.,587
27417,RELAY MOTION KFT.,587
28086,RELAY MOTION KFT.,587
28760,RELAY MOTION KFT.,587
26950,RELAY MOTION KFT.,587
26776,RELAY MOTION KFT.,587
26596,RELAY MOTION KFT.,587
27876,RELAY MOTION KFT.,587
28506,RELAY MOTION KFT.,587
27534,RELAY MOTION KFT.,587
19640,RELAY MOTION KFT.,587
28164,RELAY MOTION KFT.,587
29235,RELAY MOTION KFT.,587
29630,RELAY MOTION KFT.,587
29501,RELAY MOTION KFT.,587
26661,RELAY MOTION KFT.,587
29470,RELAY MOTION KFT.,587
27222,RELAY MOTION KFT.,587
29406,RELAY MOTION KFT.,587
27933,RELAY MOTION KFT.,587
27606,RELAY MOTION KFT.,587
29715,RELAY MOTION KFT.,587
29439,RELAY MOTION KFT.,587
27722,RELAY MOTION KFT.,587
28929,RELAY MOTION KFT.,587
26562,RELAY MOTION KFT.,587
23415,RELAY MOTION KFT.,587
29096,RELAY MOTION KFT.,587
25772,RELAY MOTION KFT.,587
25710,RELAY MOTION KFT.,587
24206,RELAY MOTION KFT.,587
26353,RELAY MOTION KFT.,587
25494,RELAY MOTION KFT.,587
23486,RELAY MOTION KFT.,587
26260,RELAY MOTION KFT.,587
23383,RELAY MOTION KFT.,587
25322,RELAY MOTION KFT.,587
25024,RELAY MOTION KFT.,587
25638,RELAY MOTION KFT.,587
26026,RELAY MOTION KFT.,587
25736,RELAY MOTION KFT.,587
26381,RELAY MOTION KFT.,587
23216,RELAY MOTION KFT.,587
23796,RELAY MOTION KFT.,587
26219,RELAY MOTION KFT.,587
23960,RELAY MOTION KFT.,587
25407,RELAY MOTION KFT.,587
21823,RELAY MOTION KFT.,587
20335,RELAY MOTION KFT.,587
23362,RELAY MOTION KFT.,587
20402,RELAY MOTION KFT.,587
22653,RELAY MOTION KFT.,587
22221,RELAY MOTION KFT.,587
22628,RELAY MOTION KFT.,587
21164,RELAY MOTION KFT.,587
20778,RELAY MOTION KFT.,587
22648,RELAY MOTION KFT.,587
20460,RELAY MOTION KFT.,587
24037,RELAY MOTION KFT.,587
21436,RELAY MOTION KFT.,587
23856,RELAY MOTION KFT.,587
23586,RELAY MOTION KFT.,587
21736,RELAY MOTION KFT.,587
21615,RELAY MOTION KFT.,587
21222,RELAY MOTION KFT.,587
21858,RELAY MOTION KFT.,587
22473,RELAY MOTION KFT.,587
21763,RELAY MOTION KFT.,587
20398,RELAY MOTION KFT.,587
22925,RELAY MOTION KFT.,587
23015,RELAY MOTION KFT.,587
24733,RELAY MOTION KFT.,587
26441,RELAY MOTION KFT.,587
22004,RELAY MOTION KFT.,587
24551,RELAY MOTION KFT.,587
23721,RELAY MOTION KFT.,587
23248,RELAY MOTION KFT.,587
24351,RELAY MOTION KFT.,587
25535,RELAY MOTION KFT.,587
25592,RELAY MOTION KFT.,587
24312,RELAY MOTION KFT.,587
24492,RELAY MOTION KFT.,587
23645,RELAY MOTION KFT.,587
25318,RELAY MOTION KFT.,587
25361,RELAY MOTION KFT.,587
8074,RELAY MOTION KFT.,587
26496,RELAY MOTION KFT.,587
16076,RELAY MOTION KFT.,587
25212,RELAY MOTION KFT.,587
23507,RELAY MOTION KFT.,587
23547,RELAY MOTION KFT.,587
25829,RELAY MOTION KFT.,587
23289,RELAY MOTION KFT.,587
25311,RELAY MOTION KFT.,587
26405,RELAY MOTION KFT.,587
19852,RELAY MOTION KFT.,587
18774,RELAY MOTION KFT.,587
21237,RELAY MOTION KFT.,587
20762,RELAY MOTION KFT.,587
21065,RELAY MOTION KFT.,587
22230,RELAY MOTION KFT.,587
23286,RELAY MOTION KFT.,587
20211,RELAY MOTION KFT.,587
20861,RELAY MOTION KFT.,587
21973,RELAY MOTION KFT.,587
23148,RELAY MOTION KFT.,587
20561,RELAY MOTION KFT.,587
21838,RELAY MOTION KFT.,587
21802,RELAY MOTION KFT.,587
23338,RELAY MOTION KFT.,587
20963,RELAY MOTION KFT.,587
21862,RELAY MOTION KFT.,587
19952,RELAY MOTION KFT.,587
21514,RELAY MOTION KFT.,587
20530,RELAY MOTION KFT.,587
20736,RELAY MOTION KFT.,587
20568,RELAY MOTION KFT.,587
20692,RELAY MOTION KFT.,587
20192,RELAY MOTION KFT.,587
19318,RELAY MOTION KFT.,587
22714,RELAY MOTION KFT.,587
19921,RELAY MOTION KFT.,587
20217,RELAY MOTION KFT.,587
20560,RELAY MOTION KFT.,587
20715,RELAY MOTION KFT.,587
22005,RELAY MOTION KFT.,587
20472,RELAY MOTION KFT.,587
21589,RELAY MOTION KFT.,587
23615,RELAY MOTION KFT.,587
26045,RELAY MOTION KFT.,587
25160,RELAY MOTION KFT.,587
24714,RELAY MOTION KFT.,587
26037,RELAY MOTION KFT.,587
25092,RELAY MOTION KFT.,587
24516,RELAY MOTION KFT.,587
20809,RELAY MOTION KFT.,587
21389,RELAY MOTION KFT.,587
22260,RELAY MOTION KFT.,587
21869,RELAY MOTION KFT.,587
22337,RELAY MOTION KFT.,587
20294,RELAY MOTION KFT.,587
19783,RELAY MOTION KFT.,587
24106,RELAY MOTION KFT.,587
22397,RELAY MOTION KFT.,587
22308,RELAY MOTION KFT.,587
22679,RELAY MOTION KFT.,587
21033,RELAY MOTION KFT.,587
23218,RELAY MOTION KFT.,587
23186,RELAY MOTION KFT.,587
22902,RELAY MOTION KFT.,587
18812,RELAY MOTION KFT.,587
21393,RELAY MOTION KFT.,587
20125,RELAY MOTION KFT.,587
23128,RELAY MOTION KFT.,587
22474,RELAY MOTION KFT.,587
22801,RELAY MOTION KFT.,587
20554,RELAY MOTION KFT.,587
21707,RELAY MOTION KFT.,587
20356,RELAY MOTION KFT.,587
23147,RELAY MOTION KFT.,587
20930,RELAY MOTION KFT.,587
25188,RELAY MOTION KFT.,587
24286,RELAY MOTION KFT.,587
24090,RELAY MOTION KFT.,587
25178,RELAY MOTION KFT.,587
25933,RELAY MOTION KFT.,587
23713,RELAY MOTION KFT.,587
23711,RELAY MOTION KFT.,587
24062,RELAY MOTION KFT.,587
25800,RELAY MOTION KFT.,587
24870,RELAY MOTION KFT.,587
23651,RELAY MOTION KFT.,587
26192,RELAY MOTION KFT.,587
26267,RELAY MOTION KFT.,587
24970,RELAY MOTION KFT.,587
26305,RELAY MOTION KFT.,587
25340,RELAY MOTION KFT.,587
25536,RELAY MOTION KFT.,587
25044,RELAY MOTION KFT.,587
23894,RELAY MOTION KFT.,587
24637,RELAY MOTION KFT.,587
23771,RELAY MOTION KFT.,587
26218,RELAY MOTION KFT.,587
23564,RELAY MOTION KFT.,587
24940,RELAY MOTION KFT.,587
25141,RELAY MOTION KFT.,587
26278,RELAY MOTION KFT.,587
22241,RELAY MOTION KFT.,587
23661,RELAY MOTION KFT.,587
23590,RELAY MOTION KFT.,587
24414,RELAY MOTION KFT.,587
25893,RELAY MOTION KFT.,587
26513,RELAY MOTION KFT.,587
23614,RELAY MOTION KFT.,587
27492,RESERVOIR DOCS,588
20414,REinvent Studios International Sales,589
26960,RIGHTS CUBE Inc.,590
24109,RIGHTS CUBE Inc.,590
26730,Rai Cinema Channel,591
24061,Reel Suspects,592
23488,Reel Suspects,592
28639,Reel Suspects S.A.R.L.,593
24913,Rockwell Eyes Inc.,594
20374,Rockwell Eyes Inc.,594
18319,Rockwell Eyes Inc.,594
23342,Royal National Theatre,595
21268,Royal National Theatre,595
21515,Royal National Theatre,595
21312,Royal National Theatre,595
21740,S-MEDIA.TV s.r.o.,596
21352,S.L.,597
20596,S.L.,597
23560,S.L.,597
19857,S.L.,597
27770,S.L.U.,598
24051,S.L.U.,598
19205,S.L.U.,598
26584,SAS Jonas Films,599
26382,SBS Distribution,600
21941,SDP INC.,601
25243,SDP INC.,601
25131,SEDIC INTERNATIONAL INC.,602
29052,SEDIC INTERNATIONAL INC.,602
15757,SHAKESPEARE'S GLOBE TRUST,603
29669,SHIN-EI ANIMATION CO.  LTD.  	 ,604
24089,SHOCHIKU CO.  LTD,605
6711,SHOCHIKU CO.  LTD.,606
20675,SHOCHIKU CO. LTD,607
27665,SHOCHIKU CO. LTD.,608
20749,SHOWBOX CORP.,609
27769,SKYLINE MEDIA CO.  LTD.,610
26266,SOCIETE NOUVELLE DE DISTRIBUTION,611
28069,SOCIETE NOUVELLE DE DISTRIBUTION,611
23550,SOCIETE NOUVELLE DE DISTRIBUTION,611
22525,SOCIETE PARISIENNE DE PRODUCTION SARL,612
29598,SOCIETE PARISIENNE DE PRODUCTION SARL ,613
26127,SOCIÉTÉ PARISIENNE DE PRODUCTION SARL,614
16612,SOCIÉTÉ PARISIENNE DE PRODUCTION SARL,614
22116,SONY PICTURES RELEASING INTERNATIONAL CORPORATION.,615
19984,SONY PICTURES RELEASING INTERNATIONAL CORPORATION.,615
26738,SONY PICTURES RELEASING INTERNATIONAL CORPORATION.,615
24998,SONY PICTURES RELEASING INTERNATIONAL CORPORATION.,615
25279,SONY PICTURES RELEASING INTERNATIONAL CORPORATION.,615
24097,SONY PICTURES RELEASING INTERNATIONAL CORPORATION.,615
29584,SONY PICTURES RELEASING INTERNATIONAL CORPORATION.,615
24499,SONY PICTURES RELEASING INTERNATIONAL CORPORATION.,615
26940,SONY PICTURES RELEASING INTERNATIONAL CORPORATION.,615
26565,SONY PICTURES RELEASING INTERNATIONAL CORPORATION.,615
20539,SONY PICTURES RELEASING INTERNATIONAL CORPORATION.,615
27809,SONY PICTURES RELEASING INTERNATIONAL CORPORATION.,615
21777,SONY PICTURES RELEASING INTERNATIONAL CORPORATION.,615
26075,SONY PICTURES RELEASING INTERNATIONAL CORPORATION.,615
22372,SONY PICTURES RELEASING INTERNATIONAL CORPORATION.,615
26210,SONY PICTURES RELEASING INTERNATIONAL CORPORATION.,615
24866,SONY PICTURES RELEASING INTERNATIONAL CORPORATION.,615
20786,SONY PICTURES RELEASING INTERNATIONAL CORPORATION.,615
25211,SONY PICTURES RELEASING INTERNATIONAL CORPORATION.,615
24857,SONY PICTURES RELEASING INTERNATIONAL CORPORATION.,615
21930,SONY PICTURES RELEASING INTERNATIONAL CORPORATION.,615
23629,SONY PICTURES RELEASING INTERNATIONAL CORPORATION.,615
21867,SONY PICTURES RELEASING INTERNATIONAL CORPORATION.,615
23321,SONY PICTURES RELEASING INTERNATIONAL CORPORATION.,615
22709,SONY PICTURES RELEASING INTERNATIONAL CORPORATION.,615
18958,SONY PICTURES RELEASING INTERNATIONAL CORPORATION.,615
7858,SONY PICTURES RELEASING INTERNATIONAL CORPORATION.,615
23855,SONY PICTURES RELEASING INTERNATIONAL CORPORATION.,615
27607,SONY PICTURES RELEASING INTERNATIONAL CORPORATION.,615
20189,SONY PICTURES RELEASING INTERNATIONAL CORPORATION.,615
18866,SONY PICTURES RELEASING INTERNATIONAL CORPORATION.,615
19955,SONY PICTURES RELEASING INTERNATIONAL CORPORATION.,615
22222,SONY PICTURES RELEASING INTERNATIONAL CORPORATION.,615
23399,SONY PICTURES RELEASING INTERNATIONAL CORPORATION.,615
22194,SONY PICTURES RELEASING INTERNATIONAL CORPORATION.,615
23014,SONY PICTURES RELEASING INTERNATIONAL CORPORATION.,615
22118,SONY PICTURES RELEASING INTERNATIONAL CORPORATION.,615
25493,SONY PICTURES RELEASING INTERNATIONAL CORPORATION.,615
27546,SONY PICTURES RELEASING INTERNATIONAL CORPORATION.,615
27877,SONY PICTURES RELEASING INTERNATIONAL CORPORATION.,615
28197,SONY PICTURES RELEASING INTERNATIONAL CORPORATION.,615
26927,SPO Entertainment Inc.,616
17498,SPO Entertainment Inc.,616
20170,SPO Entertainment Inc.,616
23188,STAR INDIA PRIVATE LIMITED,617
25630,STRANGER FILM SALES,618
9977,STUDIO GHIBLI INC.,619
23489,STUDIOCANAL,620
25186,STUDIOCANAL,620
23837,STUDIOCANAL,620
21019,STUDIOCANAL,620
24498,STUDIOCANAL,620
23825,STUDIOCANAL,620
27785,STUDIOCANAL,620
27786,STUDIOCANAL,620
25828,STUDIOCANAL,620
29764,STUDIOCANAL,620
27764,STUDIOCANAL,620
24107,STUDIOCANAL,620
25284,STUDIOCANAL,620
25070,STUDIOCANAL S.A.S.,621
25046,STUDIOCANAL S.A.S.,621
20486,STUDIOCANAL S.A.S.,621
25187,STUDIOCANAL S.A.S.,621
20803,STUDIOCANAL S.A.S.,621
24213,STUDIOCANAL S.A.S.,621
26216,STUDIOCANAL S.A.S.,621
24377,STUDIOCANAL S.A.S.,621
6630,STUDIOCANAL S.A.S.,621
24034,STUDIOCANAL S.A.S.,621
23787,STUDIOCANAL S.A.S.,621
26554,STUDIOCANAL S.A.S. ,622
26669,STUDIOCANAL S.A.S. ,622
23155,STX PRODUCTIONS  LLC,623
20770,STX PRODUCTIONS LLC,624
19475,STX PRODUCTIONS LLC,624
20982,STX PRODUCTIONS LLC,624
28485,Sahamongkolfilm International,625
29717,Sahamongkolfilm International Co.  Ltd.,626
28279,Sahamongkolfilm International Co.  Ltd.,626
21115,Sahamongkolfilm International Co. Ltd.,627
21066,Sahamongkolfilm International Co. Ltd.,627
20659,Schiller Film Group Inc.,628
28551,Schiller Film Group lnc.,629
20201,Seville International,630
23935,Shochiku Co.  Ltd.,631
20047,Shochiku Co. Ltd,632
22197,Shochiku Co. Ltd,632
23341,Shochiku Co. Ltd.,633
20541,Shochiku Co. Ltd.,633
19061,Shochiku Co. Ltd.,633
19896,Shochiku Co. Ltd.,633
25079,"Shochiku Co., Ltd. ",634
25041,"Shochiku Co., Ltd. ",634
26426,Shochiku.  Ltd.,635
23566,Sideways Film Ltd,636
24074,Skyline Media Co.  Ltd,637
21789,Société Parisienne de Production SARL,638
29573,Sony Music Entertainment(Japan)Inc.,639
26349,Sony Pictures Classics Inc.,640
24781,Sony Pictures Entertainment Inc.,641
26439,Sony Pictures International Productions,642
27490,Sony Pictures Releasing,643
21123,Spectre Productions,644
24349,Sphere Film International Inc.,645
24138,Sphere Films International,646
22172,Studio 100 Film GmbH,647
27833,Studio 100 Film GmbH,647
28000,Studio 100 Film GmbH,647
18924,Studio 100 Film GmbH,647
20610,Studio Ghibli Inc.,648
22878,Studio Ghibli Inc.,648
23783,Studio Ghibli Inc.,648
26514,Studio Ghibli Inc.,648
25730,Studio Ghibli Inc.,648
20936,Studio Ghibli Inc.,648
20823,Studio Ghibli Inc.,648
20653,Studio Ghibli Inc.,648
26448,Studio Ghibli Inc.,648
26492,Studio Ghibli Inc.,648
26545,Studio Ghibli Inc.,648
27157,Studio Ghibli Inc.,648
23602,Studio Ghibli Inc.,648
21020,Studio Ghibli Inc.,648
19696,StudioCanal,649
24522,StudioCanal,649
20184,StudioCanal SAS,650
17916,Studiocanal S.A.S,651
19659,Studiocanal S.A.S,651
29250,Studiocanal S.A.S,651
23386,TAMASA DISTRIBUTION,652
23274,TAMASA DISTRIBUTION,652
23275,TAMASA DISTRIBUTION,652
19736,TAMASA DISTRIBUTION,652
20918,TBS GLOWDIA INC.,653
29563,TELECINCO CINEMA S.A.U,654
21214,TELEPOOL GmbH,655
26212,TEWSF S.C.S.,656
18737,TF1 DROITS AUDIOVISUELS,657
18305,TF1 DROITS AUDIOVISUELS,657
18761,TF1 DROITS AUDIOVISUELS,657
18469,TF1 DROITS AUDIOVISUELS,657
18538,TF1 DROITS AUDIOVISUELS,657
16808,TF1 DROITS AUDIOVISUELS ,658
16990,TF1 DROITS AUDIOVISUELS ,658
16868,TF1 DROITS AUDIOVISUELS ,658
16947,TF1 DROITS AUDIOVISUELS ,658
1691,TF1 INTERNATIONAL,659
21920,TF1 STUDIO,660
23660,THE MATCH FACTORY,661
20556,THE MATCH FACTORY,661
20413,THE MATCH FACTORY,661
21857,THE MATCH FACTORY GmbH,662
23511,THE MATCH FACTORY GmbH,662
22715,THE MATCH FACTORY GmbH,662
25771,THE MATCH FACTORY Gmbh,663
18306,THE NETHERLANDS FILM FUND (THE NETHERLANDS FILM PRODUCTION INCENTIVE),664
24488,THE PARTY FILM SALES,665
26872,THE RED SEA FUND,666
21363,THEO ANGELOPOULOS FILM PRODUCTIONS L.P.,667
21362,THEO ANGELOPOULOS FILM PRODUCTIONS L.P.,667
21365,THEO ANGELOPOULOS FILM PRODUCTIONS L.P.,667
21359,THEO ANGELOPOULOS FILM PRODUCTIONS L.P.,667
21361,THEO ANGELOPOULOS FILM PRODUCTIONS L.P.,667
21358,THEO ANGELOPOULOS FILM PRODUCTIONS L.P.,667
21360,THEO ANGELOPOULOS FILM PRODUCTIONS L.P.,667
21364,THEO ANGELOPOULOS FILM PRODUCTIONS L.P.,667
21366,THEO ANGELOPOULOS FILM PRODUCTIONS L.P.,667
29428,THONGKHAM FILMS,668
26022,THONGKHAM FILMS,668
24575,"TIME, Inc. ",669
20759,TMS ENTERTAINMENT CO.  LTD,670
28570,TMS ENTERTAINMENT CO.  LTD.,671
22504,TMS ENTERTAINMENT CO.  LTD.,671
25412,TMS ENTERTAINMENT CO.  LTD.,671
25934,TOEI ANIMATION CO.  LTD.,672
29707,TOEI ANIMATION CO.  LTD.,672
26666,TOEI ANIMATION CO.  LTD.,672
25895,"TOEI ANIMATION CO., LTD.",673
21992,TOEI ANIMATION ENTERPRISES LIMITED.,674
21991,TOEI ANIMATION ENTERPRISES LIMITED.,674
20405,TOEI ANIMATION ENTERPRISES LIMITED.,674
23537,TOEI ANIMATION ENTERPRISES LTD.,675
28747,TOEI COMPANY  LTD.,676
26579,TOEI COMPANY  LTD.,676
23554,TOEI COMPANY  LTD.,676
25444,TOEI COMPANY  LTD.,676
26645,TOEI COMPANY  LTD.,676
18637,TOEI COMPANY LTD.,677
25632,TOEI VIDEO COMPANY  LTD.,678
26279,TOEI VIDEO COMPANY  LTD.,678
19954,TOEL COMPANY LTD.,679
21537,TOHO CO  LTD,680
25672,TOHO CO.  LTD.,681
14811,TOHO CO.  LTD.,681
28478,TOHO CO.  LTD.,681
24925,TOHO CO.  LTD.,681
25317,TOHO CO.  LTD.,681
24544,TOHO CO.  LTD.,681
28111,TOHO CO.  LTD.,681
25649,TOHO CO.  LTD.,681
23742,TOHO CO.  LTD.,681
22962,TOHO CO.  LTD.,681
27950,TOHO CO.  LTD.,681
28392,TOHO CO.  LTD. ,682
21625,TOHO CO. LTD.,683
18685,TOHO CO. LTD.,683
25267,"TOHO CO., LTD.",684
16958,TOHO COMPANY  LTD,685
28491,TOHO Co.  Ltd.,686
26572,TOHO Co.  Ltd. ,687
26617,TOHOKUSHINSHA FILM CORPORATION,688
22882,TOHOKUSHINSHA FILM CORPORATION,688
16758,TOHOKUSHINSHA FILM CORPORATION,688
21933,TOKYO BROADCASTING SYSTEM TELEVISION  INC.,689
18297,TOKYO BROADCASTING SYSTEM TELEVISION INC.,690
25117,"TOKYO BROADCASTING SYSTEM TELEVISION, INC.",691
25029,"TOKYO BROADCASTING SYSTEM TELEVISION, INC.",691
28377,TOKYO BROADCASTING SYSTEN TELEVISION  INC.,692
24313,TOTEM FILMS,693
19731,TOTEM FILMS,693
29238,TOTEM FILMS SAS,694
22196,TOTEM FILMS SAS,694
29608,TRAFALGAR RELEASING LIMITED,695
23946,TRUE COLOURS GLORIOUS FILMS S.R.L.,696
28212,TRUE COLOURS GLORIOUS FILMS SRL,697
27360,TRUE COLOURS glorious films S.r.l.,698
26121,TRUSTNORDISK,699
27180,TRUSTNORDISK APS,700
27913,TRUSTNORDISK APS,700
27436,TRUSTNORDISK APS,700
21974,TRUSTNORDISK APS,700
26756,TRUSTNORDISK APS,700
26481,TRUSTNORDISK APS,700
26884,TRUSTNORDISK APS,700
22232,TSUBURAYA PRODUCTIONS,701
21821,TV HOUSE LIMITED,702
20879,TV TOKYO CORPORATION,703
20726,TV TOKYO CORPORATION,703
20727,TV TOKYO CORPORATION,703
20669,TV TOKYO Corporation,704
22003,TV TOKYO Corporation,704
616,TWENTIETH CENTURY FOX INTERNATIONAL CORPORATION,705
20674,Taiwan Branch,706
26384,Taj Intaj,707
23339,Tales of Honey Limited,708
27558,Tamasa Distribution,709
27556,Tamasa Distribution,709
27560,Tamasa Distribution,709
27559,Tamasa Distribution,709
27555,Tamasa Distribution,709
4469,Tamasa Distribution,709
24490,Tamasa Distribution,709
24491,Tamasa Distribution,709
27557,Tamasa Distribution,709
27554,Tamasa Distribution,709
27553,Tamasa Distribution,709
25102,Telepool GmbH,710
24552,Telepool GmbH,710
26571,Telepool GmbH,710
26360,Terayama World Co. Ltd.,711
26359,Terayama World Co. Ltd.,711
26360,Terayama World Co. Ltd.,711
26360,Terayama World Co. Ltd.,711
26360,Terayama World Co. Ltd.,711
26359,Terayama World Co. Ltd.,711
26359,Terayama World Co. Ltd.,711
26359,Terayama World Co. Ltd.,711
26359,Terayama World Co. Ltd.,711
17254,The Bureau Sales,712
29166,The Coven,713
29083,The Coven,713
7635,The French Institute,714
4395,The French Institute,714
7634,The French Institute,714
28385,The Japan Foundation,715
27983,The Japan Foundation,715
27986,The Japan Foundation,715
27978,The Japan Foundation,715
27982,The Japan Foundation,715
25320,The Klockworx Co. Ltd.,716
23107,The Klockworx Co. Ltd.,716
24753,The Klockworx Co. Ltd.,716
20313,The Match Factory,717
23376,The Match Factory GmbH,718
26427,The Match Factory GmbH,718
25861,The Match Factory GmbH,718
25397,The Match Factory GmbH,718
24010,The Match Factory GmbH,718
20279,The Match Factory GmbH,718
26917,The Match Factory GmbH,718
20239,The Match Factory GmbH,718
23886,The Match Factory GmbH,718
27511,The Match Factory GmbH,718
21180,The Novice LLC,719
26147,The Party Film Sales,720
23390,The Pinkfong Company  Inc.,721
22432,The Playmaker Munich,722
20105,The Pokémon Company,723
25773,The Royal National Theatre,724
26265,The Royal National Theatre,724
27651,The Royal National Theatre,724
27841,The Royal National Theatre,724
27998,The Royal National Theatre,724
25894,The Royal National Theatre,724
27951,The Royal National Theatre,724
26277,The Royal National Theatre,724
25080,The Royal National Theatre Live,725
8985,The Saul Zaentz Company,726
28160,Toei Animation CO. LTD ,727
23463,Toei Animation Co.  Ltd.,728
22423,Toei Company  LTD.,729
23962,Toei Company  Ltd.,730
24431,"Toei Company, Ltd.",731
15670,Toho Co.  Ltd.,732
26478,Toho Co.  Ltd.,732
20186,Toho Co. Ltd.,733
19389,Toho Co. Ltd.,733
20631,Toho Co. Ltd.,733
18764,Toho Co. Ltd.,733
20591,Toho Co. Ltd.,733
20696,Tokyo Broadcasting System Television Inc.,734
20229,Tokyo Broadcasting System Television Inc.,734
27645,Totem Films ,735
26090,Trafalgar Releasing,736
27048,Trafalgar Releasing ,737
20418,Trafalgar Releasing Limited,738
20519,Trafalgar Releasing Limited,738
15653,Trafalgar Releasing Limited,738
28112,Trafalgar Releasing Limited,738
20337,Trafalgar Releasing Limited,738
26687,Trafalgar Releasing Ltd.,739
25268,Trafalgar Releasing Ltd.,739
26450,Trafalgar Releasing Ltd.,739
24640,Trafalgar Releasing Ltd.,739
24111,Trafalgar Releasing Ltd.,739
26350,Trafalgar Releasing Ltd.,739
29574,Trafalgar Releasing Ltd.,739
25642,Trafalgar Releasing Ltd.,739
24639,Trafalgar Releasing Ltd.,739
23572,Trafalgar Releasing Ltd.,739
23206,Trafalgar Releasing Ltd.,739
28918,Trafalgar Releasing Ltd.,739
28880,Trafalgar Releasing Ltd.,739
27236,Trafalgar Releasing Ltd.,739
28309,Trafalgar Releasing Ltd.,739
28533,Trafalgar Releasing Ltd.,739
23589,Trafalgar Releasing Ltd.,739
21263,True Colours,740
20872,True Colours Glorious Films Srl,741
29328,TrustNordisk,742
18107,TrustNordisk,742
29622,TrustNordisk Aps,743
29621,TrustNordisk Aps,743
19764,Trustnordisk APS,744
26697,Tsuburaya Productions Co.  Ltd.,745
24335,"Tsuburaya Productions Co., Ltd.",746
24715,"Tsuburaya Productions Co., Ltd. ",747
26750,UC,748
28987,UNICORN S.r.l.,749
27820,UNITED INTERNATIONAL PICTURES,750
29401,UNIVERSAL INTERNATIONAL FILMS LLC,751
24917,UNIVERSAL INTERNATIONAL FILMS LLC,751
27914,UNIVERSAL INTERNATIONAL FILMS LLC,751
20580,UNIVERSAL INTERNATIONAL FILMS LLC,751
24493,UNIVERSAL INTERNATIONAL FILMS LLC,751
24782,UNIVERSAL INTERNATIONAL FILMS LLC,751
26338,UNIVERSAL INTERNATIONAL FILMS LLC,751
21896,UNIVERSAL INTERNATIONAL FILMS LLC,751
20635,UNIVERSAL INTERNATIONAL FILMS LLC,751
22355,UNIVERSAL INTERNATIONAL FILMS LLC,751
27163,UNIVERSAL INTERNATIONAL FILMS LLC,751
26678,UNIVERSAL INTERNATIONAL FILMS LLC,751
26968,UNIVERSAL INTERNATIONAL FILMS LLC,751
20212,UNIVERSAL INTERNATIONAL FILMS LLC,751
23393,UNIVERSAL INTERNATIONAL FILMS LLC,751
27114,UNIVERSAL INTERNATIONAL FILMS LLC,751
20210,UNIVERSAL INTERNATIONAL FILMS LLC,751
23536,UNIVERSAL INTERNATIONAL FILMS LLC,751
21161,UNIVERSAL INTERNATIONAL FILMS LLC,751
19468,UNIVERSAL INTERNATIONAL FILMS LLC,751
20810,UNIVERSAL INTERNATIONAL FILMS LLC,751
23613,UNIVERSAL INTERNATIONAL FILMS LLC,751
25892,UNIVERSAL INTERNATIONAL FILMS LLC,751
24337,UNIVERSAL INTERNATIONAL FILMS LLC,751
27946,UNIVERSAL INTERNATIONAL FILMS LLC,751
23400,UNIVERSAL INTERNATIONAL FILMS LLC,751
23588,UNIVERSAL INTERNATIONAL FILMS LLC,751
24597,UNIVERSAL INTERNATIONAL FILMS LLC,751
26775,UNIVERSAL INTERNATIONAL FILMS LLC,751
28528,UNIVERSAL INTERNATIONAL FILMS LLC,751
29082,UNIVERSAL INTERNATIONAL FILMS LLC,751
23924,UNIVERSAL INTERNATIONAL FILMS LLC,751
27153,UNIVERSAL INTERNATIONAL FILMS LLC,751
26241,UNIVERSAL INTERNATIONAL FILMS LLC,751
25709,UNIVERSAL INTERNATIONAL FILMS LLC,751
22476,UNIVERSAL INTERNATIONAL FILMS LLC,751
20459,UNIVERSAL INTERNATIONAL FILMS LLC,751
21942,UNIVERSAL INTERNATIONAL FILMS LLC,751
20660,UNIVERSAL INTERNATIONAL FILMS LLC,751
20458,UNIVERSAL INTERNATIONAL FILMS LLC,751
18925,UNIVERSAL INTERNATIONAL FILMS LLC,751
23144,UNIVERSAL INTERNATIONAL FILMS LLC,751
20241,UNIVERSAL INTERNATIONAL FILMS LLC,751
20137,UNIVERSAL INTERNATIONAL FILMS LLC,751
19308,UNIVERSAL INTERNATIONAL FILMS LLC,751
22652,UNIVERSAL INTERNATIONAL FILMS LLC,751
23153,UNIVERSAL INTERNATIONAL FILMS LLC,751
23959,UNIVERSAL INTERNATIONAL FILMS LLC,751
19964,UNIVERSAL INTERNATIONAL FILMS LLC,751
27834,UNIVERSAL INTERNATIONAL FILMS LLC,751
23084,UNIVERSAL INTERNATIONAL FILMS LLC,751
20410,UP TV 娛樂,752
27233,URBAN SALES,753
21929,URBAN SALES. s.a.s (“US”),754
29389,UZUMASA  Inc.,755
20394,United International Pictures,756
28461,V PICTURES CO.  LTD,757
22877,VERSATILE,758
24638,VISION DISTRIBUTION S.p.A.,759
21998,VISION DISTRIBUTION S.p.A.,759
22880,VISIT FILMS  LLC,760
23947,"Vantage Media International,LLC(VMI) ",761
18356,Variety Distribution Srl,762
26752,Vela Entertainment Co.  Ltd.,763
21172,Vertical Entertainment,764
19383,Vertical Entertainment,764
29754,Village INC.,765
29689,Village INC.,765
29440,Village INC.,765
23114,Village INC.,765
26619,Vision Distribution S.p.a.,766
28179,Vision Distribution S.p.a.,766
24883,Vision Distribution S.p.a.,766
20735,Vision Film Inc,767
21116,Vision Films Inc,768
20605,Vision Films Inc.,769
11227,Visit Films  LLC ,770
25631,WARNER BROS. ENTERTAINMENT GmbH,771
23384,WARNER BROS. JAPAN LLC,772
21385,WARNER BROS. JAPAN LLC,772
18707,WARNER BROS. PICTURES INTERNATIONAL.,773
17496,WARNER BROS. PICTURES INTERNATIONAL.,773
19786,WARNER BROS. PICTURES INTERNATIONAL.,773
22924,WARNER BROS. PICTURES INTERNATIONAL.,773
20215,WARNER BROS. PICTURES INTERNATIONAL.,773
28928,WARNER BROS. PICTURES INTERNATIONAL.,773
16636,WARNER BROS. PICTURES INTERNATIONAL.,773
18735,WARNER BROS. PICTURES INTERNATIONAL.,773
23889,WARNER BROS. PICTURES INTERNATIONAL.,773
20587,WARNER BROS. PICTURES INTERNATIONAL.,773
19161,WARNER BROS. PICTURES INTERNATIONAL.,773
22245,WARNER BROS. PICTURES INTERNATIONAL.,773
22676,WARNER BROS. PICTURES INTERNATIONAL.,773
24064,WARNER BROS. PICTURES INTERNATIONAL.,773
19182,WARNER BROS. PICTURES INTERNATIONAL.,773
21306,WARNER BROS. PICTURES INTERNATIONAL.,773
17486,WARNER BROS. PICTURES INTERNATIONAL.,773
20863,WARNER BROS. PICTURES INTERNATIONAL.,773
27947,WARNER BROS. PICTURES INTERNATIONAL.,773
25027,WARNER BROS. PICTURES INTERNATIONAL.,773
27481,WARNER BROS. PICTURES INTERNATIONAL.,773
23705,WARNER BROS. PICTURES INTERNATIONAL.,773
24540,WARNER BROS. PICTURES INTERNATIONAL.,773
29087,WARNER BROS. PICTURES INTERNATIONAL.,773
16091,WARNER BROS. PICTURES INTERNATIONAL.,773
21582,WARNER BROS. PICTURES INTERNATIONAL.,773
26399,WARNER BROS. PICTURES INTERNATIONAL.,773
28390,WARNER BROS. PICTURES INTERNATIONAL.,773
9023,WARNER BROS. PICTURES INTERNATIONAL.,773
28109,WARNER BROS. PICTURES INTERNATIONAL.,773
25278,WARNER BROS. PICTURES INTERNATIONAL.,773
23772,WARNER BROS. PICTURES INTERNATIONAL.,773
9986,WARNER BROS. PICTURES INTERNATIONAL.,773
18759,WARNER BROS. PICTURES INTERNATIONAL.,773
14082,WARNER BROS. PICTURES INTERNATIONAL.,773
29094,WARNER BROS. PICTURES INTERNATIONAL.,773
26945,WARNER BROS. PICTURES INTERNATIONAL.,773
17104,WARNER BROS. PICTURES INTERNATIONAL.,773
26269,WARNER BROS. PICTURES INTERNATIONAL.,773
20104,WARNER BROS. PICTURES INTERNATIONAL.,773
24938,WARNER BROS. PICTURES INTERNATIONAL.,773
29526,WARNER BROS. PICTURES INTERNATIONAL.,773
25090,WARNER BROS. PICTURES INTERNATIONAL.,773
28233,WARNER BROS. PICTURES INTERNATIONAL.,773
27173,WARNER BROS. PICTURES INTERNATIONAL.,773
16078,WARNER BROS. PICTURES INTERNATIONAL.,773
28565,WARNER BROS. PICTURES INTERNATIONAL.,773
27625,WARNER BROS. PICTURES INTERNATIONAL.,773
26768,WARNER BROS. PICTURES INTERNATIONAL.,773
21837,WARNER BROS. PICTURES INTERNATIONAL.,773
20076,WESTEND FILMS LTD,774
25764,WHY NOT PRODUCTIONS,775
24348,WIDE,776
20386,WIDE,776
24350,WIDE HOUSE ,777
24871,WILD BUNCH,778
23193,WILD BUNCH,778
19858,WILD BUNCH,778
23699,WILD BUNCH,778
10331,WILD BUNCH,778
22111,WILD BUNCH INTERNATIONAL,779
24255,WILD BUNCH INTERNATIONAL,779
23420,WILD BUNCH INTERNATIONAL,779
23857,WILD BUNCH INTERNATIONAL,779
19894,WILD BUNCH INTERNATIONAL,779
21307,WILD BUNCH INTERNATIONAL,779
22650,WILD BUNCH INTERNATIONAL,779
22707,WILD BUNCH INTERNATIONAL ,780
19241,WILW HOLDINGS LLC,781
24384,WM Jansen,782
23963,WTFILMS,783
21810,WTFILMS,783
20553,WYS en Scene Co. Ltd.,784
28753,Warner Bros. Japan LLC ,785
20204,Werner Herzog Film GmbH,786
22741,Why Not Productions,787
21163,Wild Bunch International,788
21995,Wild Bunch International,788
23932,Wild Bunch International,788
23945,Wild Bunch International ,789
23265,Wild bunch International,790
23549,Wys En Scene,791
24927,XAMXELA Sas di Massimo Fabbro & C,792
26939,YELLOW-GREEN PI,793
23836,YOMIURI TELECASTING CORPORATION,794
22174,YOMIURI TELECASTING CORPORATION,794
20264,YOMIURI TELECASTING CORPORATION,794
26918,YOMIURI TELECASTING CORPORATION,794
24253,ZO.O.,795
20761,alief SAS,796
29187,aniplex Inc,797
28838,aniplex Inc.,798
28919,cliburn media LLC,799
26430,elle Driver,800
20410,hmvod,801
23474,kt alpha Co. Ltd,802
26786,kt alpha Co. Ltd.,803
25179,kt alpha Co. Ltd.,803
20473,kt alpha Co. Ltd.,803
25351,"kt alpha Co.,Ltd.",804
25071,m-appeal,805
25062,m-appeal,805
25059,m-appeal,805
24954,m-appeal,805
26552,m-appeal,805
19687,m-appeal,805
28158,m-appeal,805
17414,m-appeal,805
21746,m-appeal world sales UG (haftungsbeschr),806
24835,m-apppeal,807
25129,mapppeal,808
27891,mk2 Films ,809
27485,mk2 Films ,809
27047,mm2 Entertainmen,810
26140,mm2 Entertainment PTE. LTD.,811
21719,ro*co films international  llc,812
27549,sixpackfilm,813
21123,sixpackfilm,813
29484,studiocanal S.A.S,814
29564,warner music japan inc,815
22183,wide,816
26403,“Central Partnership Sales House”LLC,817
29672,一劇之本有限公司,818
23391,一劇之本有限公司,818
29573,一品堂中醫診所,819
26664,一念間電影有限公司,820
19729,一杯熱奶茶影視有限公司,821
26384,一條龍虎豹國際娛樂有限公司,822
14496,一條龍虎豹國際娛樂有限公司,822
26034,一毛製作有限公司,823
25590,一種態度電影股份有限公司,824
26439,一種態度電影股份有限公司,824
24494,一陽映畫有限公司,825
22615,丁啟文,826
22084,七霞電影有限公司,827
22108,七霞電影有限公司,827
27644,三三電影製作有限公司,828
22613,三上影像創作有限公司,829
20817,三乘影像股份有限公司,830
19624,三和娛樂國際有限公司,831
27925,三幕電影製作有限公司 ,832
27100,三樂電影製作有限公司,833
20477,三皇生物科技股份有限公司,834
26664,三皇生物科技股份有限公司,834
25222,三皇生物科技股份有限公司,834
28748,三皇生物科技股份有限公司,834
19183,三皇生物科技股份有限公司,834
23926,三視多媒體網路股份有限公司,835
23355,三鳳有限公司,836
20711,上作娛樂有限公司,837
24370,上善醫文化工作室,838
20396,上海三次元影業有限公司 ,839
22926,上海亭東影業有限公司,840
21616,上海依英影視傳媒有限公司,841
20986,上海儒意影視制作有限公司,842
21616,上海千易源文化傳媒有限公司,843
26567,上海博納影文化傳媒有限公司,844
23688,上海博納文化傳媒有限公司,845
14496,上海啟李廣告有限公司,846
26568,上海壹同影視製作有限公司,847
23702,上海影爵文化傳媒有限公司,848
20986,上海復逸文化傳播有限公司,849
22791,上海愛美影視文化傳媒有限公司,850
20396,上海拾谷影業有限公司 ,851
26567,上海梅龍鎮廣場環藝娛樂管理有限公司,852
20319,上海樂朝程影視傳媒有限公司,853
24981,上海淘票票影視文化有限公司,854
27383,上海淘票票影視文化有限公司,854
20747,上海淘票票影視文化有限公司,854
26568,上海淘票票影視文化有限公司,854
26742,上海淘票票影視文化有限公司,854
29767,上海淘票票影視文化有限公司,854
26707,上海淘票票影視文化有限公司,854
20822,上海淘票票影視文化有限公司,854
21423,上海淘票票影視文化有限公司,854
26761,上海淘票票影視文化有限公司,854
27822,上海淘票票影視文化有限公司,854
25150,上海淘票票影視文化有限公司,854
23190,上海淘票票影視文化有限公司,854
22791,上海淘票票影視文化有限公司,854
26560,上海淘票票影視文化有限公司,854
28780,上海淘票票影視文化有限公司,854
25150,上海源納影業有限公司,855
27178,上海環路影視文化有限公司,856
22791,上海甲地文化集團有限公司,857
23190,上海福畫影視文化有限公司,858
26510,上海笨小孩影視傳媒有限公司,859
22791,上海絢毅影視文化傳媒有限公司,860
26707,上海華人影業有限公司,861
26707,上海華人影業有限公司北京分公司,862
27178,上海華策電影有限公司,863
29635,上海華策電影有限公司,863
20396,上海複逸文化傳播有限公司 ,864
20986,上海貓眼影業有限公司,865
26471,上海貓眼影業有限公司,865
26560,上海貓眼影業有限公司,865
28780,上海貓眼影業有限公司,865
26871,上海追光影業有限公司,866
29190,上海阿里巴巴影業有限公司,867
20319,上海阿里巴巴影業有限公司,867
23519,上海電影集團公司,868
22926,上海電影（集團）有限公司,869
26568,上海電影（集團）有限公司,869
23440,上海騰訊企鵝影視文化傳播有限公司,870
20154,上海魁颯影業有限公司,871
20646,世界投資顧問股份有限公司,872
23831,世詮多媒體有限公司,873
19402,中台興化學工業股份有限公司,874
23843,中國信託創業投資股份有限公司,875
20410,中國創意數碼娛樂有限公司,876
24054,中國電影股份有限公司,877
20986,中國電影股份有限公司,877
21423,中國電影股份有限公司,877
22926,中國電影股份有限公司,877
20396,中國電影股份有限公司,877
29190,中國電影股份有限公司,877
27178,中國電影股份有限公司,877
25415,"中國電影股份有限公司,上海電影(集團)有限公司,天津貓眼微影文化傳媒有限公司,上海淘票票影視文化有限公司,新麗傳媒集團有限公司,中國鐵道建築集團有限公司,浙江橫店影業有限公司,英皇電影發行(北京)有限公司,中影數字院線(北京)有限公司,抖音文化(廈門)有限公司,咪咕文化科技有限公司,之江電影集團有限公司,阿那亞影視文化有限公司,陝西廣電影視文化產業發展有限公司",878
29767,中天星辰(天津)影業有限公司,879
20396,中央紀委中國方正出版社,880
21978,中央電影事業股份有限公司,881
26560,中引文化傳媒(武漢)有限公司,882
24054,中影創意（北京）電影有限公司,883
29573,中影國際股份有限公司,884
16476,中影寰亞音像製品有限公司,885
21786,中影寰亞音像製品有限公司,885
16356,中影股份有限公司,886
28241,中影股份有限公司,886
28242,中影股份有限公司,886
22215,中影股份有限公司,886
25116,中影股份有限公司,886
19729,中環國際娛樂事業股份有限公司,887
29573,中環國際娛樂事業股份有限公司,887
19319,中環國際娛樂事業股份有限公司,887
502,中環國際娛樂事業股份有限公司,887
28395,中環國際娛樂事業股份有限公司,887
26546,中環國際娛樂事業股份有限公司,887
25335,中環國際娛樂事業股份有限公司,887
19402,中環國際娛樂事業股份有限公司,887
20477,中環國際娛樂事業股份有限公司,887
21785,中環國際娛樂事業股份有限公司,887
24752,中環國際娛樂事業股份有限公司,887
24663,中環國際娛樂事業股份有限公司,887
22671,中環國際娛樂事業股份有限公司 ,888
23535,中環國際娛樂事業股份有限公司 ,888
23671,中環國際娛樂事業股份有限公司 ,888
26546,中華電信股份有限公司,889
23409,中華電信股份有限公司個人家庭分公司,890
27178,中視金橋文化發展（北京）有限公司,891
22791,中銘盛世(深圳)影業集團有限公司,892
23688,中銘盛世（深圳）影業集團有限公司,893
22268,主磐叙社有限公司,894
19630,主雅映象有限公司,895
23139,久和投資控股有限公司,896
20747,之升(上海)影業有限公司,897
26612,之江電影集團有限公司,898
26560,之江電影集團有限公司,898
27178,之江電影集團有限公司,898
27925,九日映像開發有限公司,899
23465,"九洲音像出版公司,超娛影業（佛山）有限公司,超娛影業（深圳）有限公司,廣東珠影影視製作有限公司,北京環鷹時代文化傳媒有限公司",900
26664,乾伽國際媒體有限公司,901
25590,于仲淵,902
20396,亞博思文化傳媒（北京）有限公司 	,903
24054,亞太國影（深圳）影業有限公司,904
24054,亞太國影（蘇州）影業有限公司,905
24054,亞太國影（重慶）文化傳媒有限公司,906
24054,亞太華影（北京）影業有限公司,907
21616,伊犁卓然影業有限公司,908
22671,伯樂影業股份有限公司,909
26546,伯樂影業股份有限公司,909
23409,伯樂影業股份有限公司 ,910
23535,伯樂影業股份有限公司 ,910
23671,伯樂影業股份有限公司 ,910
24054,佛山泓東影視文化傳媒有限公司,911
21080,佳映娛樂國際股份有限公司,912
25745,佳映娛樂國際股份有限公司,912
22435,偉新教育基金有限公司,913
23831,健身聯盟,914
22710,傑恩西影像工作室,915
18424,傳影互動股份有限公司,916
21031,優橝文化傳媒有限公司,917
23440,優酷電影有限公司,918
26707,優酷電影有限公司,918
27873,元桌影藝有限公司,919
18424,光元體影藝有限公司,920
29379,光速火箭股份有限公司,921
23714,兔子創意股份有限公司,922
16901,兔將創意影業股份有限公司,923
23934,內容物數位電影製作有限公司,924
19608,內容物數位電影製作有限公司,924
21839,內容物數位電影製作有限公司,924
26560,內蒙古電影集團有限責任公司,925
28611,全國眷村文化保存聯盟,926
28311,全國眷村文化保存聯盟,926
27179,兩個人有限公司,927
29611,六六喜喜股份有限公司,928
24014,六六喜喜股份有限公司,928
23506,六六喜喜股份有限公司,928
25590,六六喜喜股份有限公司,928
21119,六六喜喜股份有限公司,928
25213,"内蒙古電影集團有限責任公司,北京博納影業集團有限公司,華夏電影發行有限責任公司,阿里巴巴影業（北京）有限公司,内蒙古電影製片厂有限責任公司,上海博納文化傳媒有限公司,北京博納國際影院投資管理有限公司",929
25590,再現影像製作股份有限公司,930
20986,冠宇影業(北京)有限公司,931
26584,凌晨影視製作有限公司,932
21785,凡宇興業有限公司,933
21616,凡魚傳媒(北京)有限公司,934
17116,凱擘影藝股份有限公司,935
24014,凱擘影藝股份有限公司,935
21839,前景娛樂有限公司,936
25414,前景娛樂有限公司,936
27873,前景娛樂有限公司,936
25149,劇糖文創娛樂股份有限公司,937
25335,劇龍製作有限公司,938
22613,劉琬琳,939
24239,力揚電影有限公司,940
21423,北京一品傳揚文化傳播有限公司,941
26707,北京上獅文化傳播有限公司,942
20822,北京上獅文化傳播有限公司,942
26510,北京上獅文化傳播有限公司,942
27822,北京上獅文化集團有限公司,943
20396,北京世紀蜘蛛文化傳播有限公司,944
26742,北京中導協文化發展有限公司,945
20986,北京京西文化旅遊股份有限公司,946
24981,北京人間指南影業有限公司,947
23702,北京人間指南影業有限公司,947
26612,北京人間指南影業有限公司,947
26707,北京元氣娛樂文化有限公司,948
20986,北京光彩紀行文化發展有限公司,949
26560,北京光線影業有限公司,950
20986,北京入海時網路科技有限公司,951
20319,北京力禾欣文化傳媒有限公司,952
27945,北京加辣製作影視文化有限公司,953
20986,北京匠紫文化傳媒有限公司,954
21616,北京千易時代文化傳媒有限公司,955
26567,北京博納集團影業有限公司,956
24054,北京博視眾和文化傳播有限公司,957
20396,北京嘉映文化傳媒有限公司  ,958
20396,北京嘉映春天影業有限公司 ,959
27178,北京國影縱横電影發行有限公司,960
22926,北京國影縱橫電影發行有限公司,961
20986,北京國盾影視傳媒有限公司,962
26560,北京團圓影業有限公司,963
26510,北京壞猴子文化產業發展有限公司,964
26568,北京壹同傳奇影視文化有限公司,965
20986,北京大碗娛樂文化傳媒有限公司,966
23702,北京大美寰宇影業有限公司,967
16476,北京大美寰宇影業有限公司,967
26077,北京宇你影業有限公司,968
20396,北京完美影視傳媒有限責任公司,969
29767,北京布勞森沐文化傳播有限公司,970
20319,北京影窩文化傳媒有限公司,971
23688,北京影聯影業有限公司,972
29190,北京復星影業有限公司,973
27383,北京微夢創科網絡技術有限公司,974
27822,北京微夢創科網絡技術有限公司,974
20747,北京微夢創科網絡技術有限公司,974
22926,北京微夢創科網絡技術有限公司,974
28780,北京微夢創科網絡技術有限公司,974
23702,北京微夢創科網絡技術有限公司,974
26471,北京微夢創科網絡技術有限公司,974
27178,北京微夢創科網絡技術有限公司 ,975
26707,北京微夢創科網路技術有限公司,976
26568,北京微夢創科網路技術有限公司,976
21423,北京微夢創科網路技術有限公司,976
26555,北京恐龍影業股份有限公司,977
23440,北京愛奇藝科技有限公司,978
27945,北京愛奇藝科技有限公司,978
23688,北京拉近影業有限公司,979
16476,北京拉近影業有限公司,979
25150,北京新益影視文化傳播有限公司,980
20319,北京星魅力影視文化傳媒集團有限公司,981
25150,北京暢想新影影業有限公司,982
21423,北京曉浩影視文化傳媒有限公司,983
16476,北京林夕影業有限公司,984
23702,北京林夕影業有限公司,984
20154,北京果實創想影視文化有限公司,985
23702,北京樂桃傳媒有限公司,986
20396,北京歌亞時代投資管理有限公司  ,987
27945,北京水龍吟影視文化有限公司,988
23190,北京烤拉文化傳媒有限公司,989
22791,北京無限自在文化傳媒股份有限公司,990
25150,北京無限自在文化傳媒股份有限公司,990
26742,北京盛煜天桐文化集團有限公司,991
21423,北京盛煜天桐文化集團有限公司,991
21786,北京真之影文化傳媒有限公司,992
26471,北京秋豪影視有限公司,993
20986,北京精彩時間文化傳媒有限公司,994
27178,北京耀影電影發行有限公司,995
22926,北京耀影電影發行有限公司,995
22791,北京耀萊影視文化傳媒有限公司,996
20747,北京自由酷鯨影業有限公司,997
26555,北京超樂無限文化傳播有限公司,998
27945,北京金天地影視文化股份有限公司,999
27178,北京長城沃美電影院線有限公司,1000
26510,北京阿里巴巴影業文化有限公司,1001
29190,北京阿里巴巴影業文化有限公司,1001
24277,"北京阿里巴巴影業文化有限公司,北京海潤影業股份有限公司,浙江橫店影業有限公司,中國電影股份有限公司,上海復逸文化傳播有限公司,海潤影視製作有限公司,北京榮宸慧技術諮詢有限公司,杭州予墨商務信息諮詢有限責任公司,海南八月映像影視有限公司,靈河文化傳媒（上海）有限公司",1002
26077,北京零刻度線影業有限公司,1003
21047,北京風和向日葵影業有限公司,1004
26567,北京高興文化傳媒有限公司,1005
25182,匠子映畫,1006
18190,十三月股份有限公司,1007
23926,十二果子有限公司,1008
26546,十宜影樂有限公司,1009
25150,南京博遠影視傳媒有限公司,1010
25312,南川上電影有限公司,1011
26567,博納影業集團股份有限公司,1012
23688,博納影業集團股份有限公司,1012
26567,博納影視娛樂有限公司,1013
20670,原典國際影視製作有限公司,1014
24718,原子映象有限公司,1015
21119,原子映象有限公司,1015
24214,原金國際有限公司,1016
23934,台中拍,1017
28395,台亞半導體股份有限公司,1018
29057,台北市電影委員會,1019
24239,台北市電影委員會,1019
18306,台北市電影委員會,1019
19319,台北市電影委員會,1019
27873,台北市電影委員會,1019
27462,台北影業股份有限公司,1020
25728,台北影業股份有限公司,1020
28090,台北影業股份有限公司(聯合出品公司),1021
19402,台北真好電影股份有限公司,1022
20354,台北真好電影股份有限公司 ,1023
25222,台灣夢幻文創股份有限公司,1024
24663,台灣大哥大 MyVideo,1025
27879,台灣大哥大 MyVideo,1025
23714,台灣大哥大MyVideo,1026
19402,台灣大哥大myVideo,1027
28395,台灣大哥大股份有限公司,1028
20725,台灣大哥大股份有限公司,1028
23926,台灣大哥大股份有限公司,1028
25728,台灣大哥大股份有限公司,1028
20354,台灣大哥大股份有限公司 ,1029
24014,台灣大哥大股份有限公司 (台灣大哥大 MyVideo),1030
23506,台灣大哥大股份有限公司(My Video),1031
16901,台灣太陽娛樂有限公司,1032
23926,台灣文創天使投資股份有限公司,1033
24066,台灣映藝娛樂股份有限公司,1034
27567,台灣白令電影有限公司,1035
27462,台灣白令電影有限公司,1035
28200,台灣索尼音樂娛樂股份有限公司,1036
12236,台聯影業有限公司,1037
21423,司貝影業（北京）有限公司,1038
25586,合影視有限合夥,1039
25063,合影視有限合夥,1039
23714,合影視有限合夥,1039
26560,合肥市電影發行放映有限公司,1040
26594,吉光日和電影有限公司,1041
23190,吉林省第柒影視工作室有限公司,1042
21822,后花園數位影像製作有限公司,1043
27925,后花園數位影像製作有限公司,1043
29379,后花園數位影像製作有限公司 ,1044
23506,呈洋國際有限公司,1045
20319,和和（上海）影業有限公司,1046
27462,和寬攝影器材有限公司,1047
27567,和寬攝影器材有限公司,1047
22791,和眾文化發展(北京)有限公司,1048
25103,和道創作研究社,1049
20175,品蓮觀真電影股份有限公司,1050
29767,啊哈影業(上海) 有限公司,1051
20396,喀什嘉映文化傳媒有限公司 ,1052
20986,喀什嘉視文化傳媒有限公司,1053
26077,善為影業有限公司,1054
20354,喜滿客京華影城股份有限公司 ,1055
26871,嗶哩嗶哩影業（天津）有限公司,1056
25728,嘉揚電影有限公司,1057
28395,嘉揚電影有限公司,1057
20396,嘉映影業有限公司  ,1058
20986,嘲風影業(北京)有限責任公司,1059
26077,四川大路影業有限公司,1060
21423,四川納森影視文化傳媒有限公司,1061
26077,四川誠城影視文化傳播有限公司,1062
26077,四川魔影影業有限公司,1063
23409,四方四隅文娛國際股份有限公司,1064
21171,國家表演藝術中心衛武營國家藝術文化中心,1065
22759,國家電影及視聽文化中心,1066
22082,國立台灣師範大學,1067
19269,國賓影城股份有限公司,1068
22858,地地影像工房有限公司,1069
20646,地球防衛隊娛樂有限公司,1070
23965,埋位製作有限公司,1071
20921,城市國際電影有限公司,1072
20410,培生培心公司,1073
25182,堂堂映畫,1074
16476,墨客行影業（北京）有限公司,1075
27567,墨緹影業 Motif Pictures PTE. LTD.,1076
24221,"壞猴子（上海）文化傳播有限公司,北京京西文化旅游股份有限公司,北京歡喜首映文化有限公司,北京阿里巴巴影業文化有限公司,騰訊影業文化傳播有限公司",1077
26568,壹同科影（上海）文化有限公司,1078
26788,壹捌玖伍電影有限公司,1079
24718,壹陸喜喜股份有限公司,1080
20646,夢想創造股份有限公司,1081
25306,夢想創造股份有限公司,1081
25150,夢想沙龍娛樂文化投資有限公司,1082
21517,夢想沙龍娛樂文化有限公司,1083
29573,夢田影像股份有限公司,1084
26510,夢造者娛樂有限公司,1085
26140,大元娛樂有限公司 IS Entertainment Co.  Ltd.,1086
23688,大地時代文化傳播（北京）有限公司,1087
23688,大地時代文化傳播（天津）有限公司,1088
23688,大地電影發行（香港）有限公司,1089
23926,大好天光文化創意股份有限公司,1090
25306,大宇資訊股份有限公司,1091
27925,大岩文創國際有限公司 ,1092
19400,大悲學苑  台灣大悲佛學會,1093
23843,大慕可可股份有限公司,1094
26439,大慕可可股份有限公司,1094
25306,大慕可可股份有限公司,1094
24014,大慕可可股份有限公司 ,1095
23843,大慕影藝國際事業股份有限公司,1096
19729,大瀚國際開發股份有限公司,1097
27415,大照國際影像有限公司,1098
24752,大腕影業國際有限公司,1099
28830,大腕影業國際有限公司,1099
24066,大腕影業國際有限公司,1099
25994,大誠保險經紀人股份有限公司,1100
23190,大象娛樂傳媒(溫州)有限公司,1101
21047,大足國際文化傳媒有限公司,1102
28748,大雲文創股份有限公司,1103
23419,大麥影像傳播工作室,1104
26234,天下一電影發行有限公司,1105
20396,天下一電影製作有限公司,1106
26761,天下一電影製作有限公司,1106
19859,天下一電影製作有限公司,1106
27383,天下一電影製作有限公司,1106
22420,天下一電影製作有限公司,1106
19159,天下一電影製作有限公司,1106
26034,天下一電影製作有限公司,1106
21747,天下一電影製作有限公司,1106
24595,"天下一電影製作有限公司,852 電影有限公司,Icon Group Limited  ,香港電影發展基金,Katch多優惠平台",1107
25063,天使放大股份有限公司,1108
19319,天使放大股份有限公司,1108
28830,天地根映像國際有限公司,1109
20396,天津天影電影製片有限公司 ,1110
20986,天津摩天輪文化傳媒有限公司,1111
20396,天津磨鐵娛樂有限公司 ,1112
27178,天津貓眼微影文化傳媒有限公司,1113
29767,天津貓眼微影文化傳媒有限公司,1113
28780,天津貓眼微影文化傳媒有限公司,1113
20396,天津貓眼微影文化傳媒有限公司,1113
26560,天津貓眼微影文化傳媒有限公司,1113
26471,天津貓眼微影文化傳媒有限公司,1113
23688,天津貓眼微影文化傳媒有限公司,1113
24054,天津貓眼微影文化傳媒有限公司,1113
23190,天津貓眼微影文化傳媒有限公司,1113
20747,天津貓眼微影文化傳媒有限公司,1113
19159,天津貓眼微影文化傳媒有限公司,1113
22791,天津貓眼微影文化傳媒有限公司,1113
26555,天津貓眼微影文化傳媒有限公司,1113
20986,天津貓眼微影文化傳媒有限公司,1113
22926,天津貓眼微影文化傳媒有限公司,1113
21423,天津閱文影視文化傳媒有限公司,1114
23190,天津閱文影視文化傳媒有限公司,1114
27822,天津閱文影視文化傳媒有限公司,1114
23349,天津電影製片廠,1115
19729,天立揚製片有限公司,1116
27100,天翼映創股份有限公司,1117
20477,天際娛樂股份有限公司,1118
20725,天馬傳播事業有限公司,1119
26612,天馬電影出品（香港）有限公司,1120
19662,太極影音科技股份有限公司,1121
28070,太睿投資有限公司,1122
22876,太陽娛樂文化有限公司,1123
20646,奇亨創意影像有限公司,1124
26439,奇幻娛樂國際股份有限公司,1125
24014,奇幻娛樂國際股份有限公司,1125
20354,奇幻娛樂國際股份有限公司 ,1126
22660,奇葩娛樂事業有限公司,1127
24053,好享國際文創股份有限公司,1128
23934,好勁影業有限公司,1129
25116,好好看文創有限公司,1130
20396,好孩子制作有限公司,1131
25737,好野娛樂有限公司,1132
27633,如意影視制作公司(Rooyee Films Production Inc.),1133
21690,姚國禎,1134
20354,威威巖娛樂製作有限公司 ,1135
27506,威裕環球集團,1136
502,威視股份有限公司,1137
27961,子鉅國際有限公司,1138
16139,學者股份有限公司,1139
28890,宇宙子媒體藝術有限公司,1140
19986,宇鯉影業有限公司,1141
20986,安徽舒茶九一六影視傳媒有限公司,1142
23635,安樂影片有限公司,1143
29190,安樂影片有限公司,1143
22420,安樂影片有限公司,1143
26761,安樂影片有限公司,1143
19859,安樂影片有限公司,1143
12489,安樂電影公司(聯合出品) ,1144
26761,安樂（北京）電影發行有限公司,1145
29190,安樂（北京）電影發行有限公司,1145
25116,安沛文創股份有限公司,1146
25116,安聯量行集團,1147
27178,完美世界院線有限公司,1148
25984,宏寰文化傳播,1149
26397,宏寰文化傳播有限公司,1150
26614,宏寰文化傳播有限公司,1150
27879,宏將影業有限公司,1151
23535,宏將影業有限公司 ,1152
23409,宏將影業有限公司 ,1152
20354,宏將影業有限公司 ,1152
22671,宏將影業有限公司 ,1152
24014,宏將影業有限公司 ,1152
26220,客家委員會,1153
26226,富士電視台,1154
20051,寒山拾得有限公司 高雄人,1155
25422,寓言工作室,1156
21423,寧和萬向文化傳媒（北京）有限公司,1157
22791,寧嘉(深圳)影業傳媒有限公司,1158
21423,寧波浩瑞廣告傳媒有限公司,1159
28200,寬想國際娛樂有限公司,1160
24066,寬銀慕電影製作有限公司,1161
27723,寬魚國際股份有限公司,1162
29611,寬魚國際股分有限公司,1163
23367,寰亞電影,1164
23349,寰亞電影,1164
23317,寰亞電影,1164
16476,寰亞電影發行(北京）有限公司,1165
23702,寰亞電影發行（北京）有限公司,1166
21747,寰亞電影製作有限公司,1167
21786,寰亞電影製作有限公司,1167
27383,寰亞電影製作有限公司,1167
19357,寰亞電影製作有限公司,1167
26762,寰亞電影製作有限公司,1167
22434,寰亞電影製作有限公司,1167
16476,寰亞電影製作有限公司,1167
24916,"寰亞電影製作有限公司,香港電影發展基金會,悅目映畫有限公司",1168
26510,寰宇娛樂有限公司,1169
24981,寰宇娛樂有限公司,1169
28780,寰宇娛樂有限公司,1169
24981,寰宇影片發行有限公司,1170
28780,寰宇影片發行有限公司,1170
28780,寰宇縱橫世紀電影發行（北京）有限公司,1171
24981,寰宇縱橫世紀電影發行（北京）有限公司,1171
25737,小綠人影像製作有限公司 ,1172
26584,小花電影有限公司,1173
23630,小黃花慈善基金Little Yellow Flower Foundation,1174
23605,小黃花慈善基金Little Yellow Flower Foundation,1174
23640,小黃花慈善基金Little Yellow Flower Foundation,1174
23604,小黃花慈善基金Little Yellow Flower Foundation,1174
26471,尚乘數字媒體有限公,1175
24981,尚乘數字媒體有限公司,1176
29429,尚乘數字媒體有限公司,1176
19269,居爾一拳有限公司,1177
24818,居爾一拳有限公司,1177
27945,山西電影製片廠（有限公司）,1178
23394,岸上影像有限公司,1179
19608,岸上影像有限公司,1179
20396,峨眉電影集團有限公司,1180
20319,峨眉電影集團有限公司,1180
20643,峰起云湧影業股份有限公司,1181
19402,崴森管理顧問股份有限公司,1182
25116,崴森管理顧問股份有限公司,1182
20646,川琇數位娛樂有限公司,1183
26511,巨星影業有限公司,1184
8011,布萊克芬電影有限公司,1185
23702,帆娛文化（上海）有限公司,1186
23961,希望影視行銷股份有限公司,1187
27017,希望影視行銷股份有限公司,1187
22791,平潭喜東東影視有限公司,1188
14895,年代網際事業股份有限公司,1189
15719,年代網際事業股份有限公司,1189
22788,幸福の科学,1190
20766,幸福の科学,1190
25586,幸福路映畫社有限公司,1191
6091,庫里影視,1192
22926,廈門人馬文化傳媒有限公司,1193
20747,廈門大洲影視文化發展有限公司,1194
26428,廈門恒業影業有限公司,1195
21047,廈門恒業影業有限公司,1195
26560,廈門恒業影業有限公司,1195
26560,廈門恒業牧馬人影視文化傳播有限公司,1196
23702,廈門昇格鑫映影視文化傳媒有限公司,1197
20747,廈門硯石科技有限公司,1198
23440,廈門自在互娛文化傳媒有限公司,1199
26077,廈門金逸傳媒有限公司,1200
27203,廖克發,1201
28780,廣州市英明文化傳播有限公司,1202
24981,廣州市英明文化傳播有限公司,1202
26077,廣州東來文化有限公司,1203
23702,廣東一晟影業投資有限公司,1204
25150,廣東國奧影業有限公司,1205
24054,廣東新億投資有限公司,1206
23702,廣東昇格傳媒服份有限公司,1207
25150,廣東昇格傳媒股份有限公司,1208
24054,廣東潮樂文化傳媒有限公司,1209
26077,廣東虎虎生威影業有限公司,1210
24752,延平影業有限公司,1211
26707,引力影視投資有限公司,1212
28097,張作驥電影工作室有限公司,1213
25522,彭紫惠,1214
28114,影一製作所股份有限公司,1215
24818,影一製作所股份有限公司,1215
26439,影一製作所股份有限公司,1215
19064,影一製作所股份有限公司,1215
29611,影市堂股份有限公司,1216
20521,影格電影有限公司,1217
21423,影聚天際影視傳媒（天津）有限公司,1218
28088,影響原創影視股份有限公司,1219
25586,影響原創影視股份有限公司,1219
25422,影響原創影視股份有限公司,1219
23831,影響視覺科技有限公司,1220
26140,彼演員多媒體有限公司 Be Actor Co.  Ltd.,1221
20138,待補,1222
27521,待補,1222
21921,後場音像紀錄工作室有限公司,1223
24059,後場音像紀錄工作室有限公司,1223
21748,後場音像紀錄工作室有限公司,1223
24044,後場音像紀錄工作室有限公司,1223
24013,後場音像紀錄工作室有限公司,1223
24011,後場音像紀錄工作室有限公司,1223
24012,後場音像紀錄工作室有限公司,1223
24036,後場音像紀錄工作室有限公司,1223
21239,後場音像紀錄工作室有限公司,1223
17799,後場音像紀錄工作室有限公司,1223
22327,後場音像紀錄工作室有限公司,1223
20922,後場音像紀錄工作室有限公司,1223
22673,後場音像紀錄工作室有限公司,1223
21123,徐璐,1224
24014,得利影視股份有限公司,1225
25422,得利影視股份有限公司,1225
23671,得利影視股份有限公司 ,1226
20354,得利影視股份有限公司 ,1226
22671,得利影視股份有限公司 ,1226
25306,得藝文創國際股份有限公司,1227
20477,得藝文創國際股份有限公司,1227
21785,得藝文創國際股份有限公司,1227
22435,心裏美電影有限公司,1228
22908,必應創造股份有限公司,1229
25312,念白電影有限公司,1230
25150,怡俊有限公司,1231
26253,恆星多媒體股份有限公司,1232
26555,恐龍影業（武漢）有限公司,1233
26635,恒世資本股份有限公司,1234
22434,悅目映畫有限公司,1235
21080,想映電影有限公司,1236
21373,想飛的魚電影製作有限公司,1237
23671,意妍堂製作股份有限公司 ,1238
26428,愛奇藝影業(上海)有限公司,1239
26560,愛奇藝影業(上海)有限公司,1239
21047,愛奇藝影業(北京)有限公司,1240
26428,愛奇藝影業(蘇州)有限公司,1241
26612,愛奇藝影業（北京）有限公司,1242
25150,愛奇藝影業（北京）有限公司,1242
21047,愛奇藝電影集團香港有限公司,1243
16901,愛奇藝電影集團香港有限公司,1243
25334,愛的光波影像社會企業有限公司,1244
19729,愷聯資本有限公司,1245
22631,憂鬱之島製作有限公司,1246
25818,我們之間影像製作有限公司,1247
20396,我們製作有限公司,1248
20805,我希望影像製作有限公司,1249
22671,打字人創意有限公司 ,1250
25422,承達投資有限公司,1251
27121,抓馬文化股份有限公司,1252
23190,抖音文化(廈門)有限公司,1253
22926,抖音文化（廈門）有限公司,1254
26871,抖音文化（廈門）有限公司,1254
27178,抖音文化（廈門）有限公司,1254
26568,抖音文化（廈門）有限公司,1254
21423,抖音文化（廈門）有限公司,1254
20747,抖音文化（廈門）有限公司,1254
20396,拍拍文化傳媒（無錫）有限公司,1255
23190,拾圈文化傳媒南京有限公司,1256
14496,捌捌玖電影股份有限公司,1257
26612,掌賞電影企業有限公司,1258
23831,摩爾娛樂有限公司,1259
19608,數位奇蹟科技股份有限公司,1260
22011,數位領域電影文化股份有限公司,1261
21174,數位領域電影文化股份有限公司,1261
27925,文化內容策進院,1262
24239,文化內容策進院,1262
29611,文化內容策進院,1262
28395,文化內容策進院,1262
23506,文化內容策進院,1262
23934,文化內容策進院,1262
25081,文化內容策進院,1262
29057,文化內容策進院,1262
26635,文化內容策進院,1262
28748,文化內容策進院,1262
25222,文化內容策進院,1262
27989,文化內容策進院,1262
23701,文化內容策進院,1262
26872,文化內容策進院,1262
29379,文化內容策進院,1262
27873,文化內容策進院,1262
26664,文化內容策進院,1262
25424,文化內容策進院,1262
24053,文化內容策進院,1262
25182,文化內容策進院,1262
21165,文化內容策進院,1262
26546,文化內容策進院,1262
28363,文化內容策進院,1262
27100,文化內容策進院,1262
28090,文化內容策進院(聯合出品公司),1263
27723,文化內容策進院TAICCA ,1264
20270,文化部,1265
20396,文投控股股份有限公司,1266
25149,文達文創股份有限公司,1267
23831,新世紀南向開發有限公司,1268
23213,新世紀影視(加拿大/多倫多),1269
19400,新加坡甘露關懷協會 ,1270
26471,新暉映影視文化(深圳)有限公司,1271
22926,新疆博納潤澤文化傳媒有限公司,1272
25150,新聯華娛樂集團有限公司,1273
27462,新輝股份有限公司,1274
23139,新轉機國際股份有限公司,1275
23377,新騎資訊有限公司,1276
21423,新麗傳媒集團有限公司,1277
20986,新麗傳媒集團有限公司,1277
23190,新麗傳媒集團有限公司,1277
27822,新麗傳媒集團有限公司,1277
27822,新麗國際傳媒有限公司,1278
27178,方特影業投資有限公司,1279
22448,旋轉牧馬工作室,1280
23139,日商富地滋股份有限公司台灣分公司,1281
23438,日本東寶株式會社,1282
26227,日本華納兄弟合同會社,1283
26226,日本華納兄弟合同會社,1283
20707,日活株式會社公司,1284
16476,星光聯盟影業無錫有限公司,1285
21786,星光聯盟影業無錫有限公司,1285
22659,星勢力娛樂股份有限公司,1286
26140,星娛音樂有限公司 XYmusic Ltd.,1287
27723,星映電影有限公司,1288
19319,星泰國際娛樂股份有限公司,1289
21785,星泰國際娛樂股份有限公司,1289
27879,星泰國際娛樂股份有限公司,1289
25306,星泰國際娛樂股份有限公司,1289
20477,星泰國際娛樂股份有限公司,1289
24752,星泰國際娛樂股份有限公司,1289
26664,星泰國際娛樂股份有限公司,1289
25335,星源未來股份有限公司,1290
20477,星空飛騰國際娛樂有限公司,1291
23367,星霖電影私人有限公司,1292
28780,映藝娛樂有限公司,1293
28070,映虹影視有限公司,1294
20312,映象工廠有限公司,1295
23926,映費迪國際有限公司,1296
21732,春光映畫,1297
18620,春光映畫 (BLOCK 2 PICTURES INC.),1298
16139,春光映畫(Block 2 Pictures Inc.),1299
7331,春光電影發行有限公司,1300
20354,時創影業股份有限公司,1301
25222,晉揚投資有限公司,1302
25182,晟創娛樂,1303
23440,普普文化（香港）控股有限公司,1304
23440,晶藝電影有限公司,1305
28114,曼尼娛樂投資股份有限公司,1306
4035,曾威量,1307
20051,月晴映像有限公司,1308
23671,有余企劃製作有限公司 ,1309
18190,有得電影有限公司 高雄人,1310
24663,有戲娛樂股份有限公司,1311
24014,有戲娛樂股份有限公司,1311
25586,有戲娛樂股份有限公司,1311
26751,有戲娛樂股份有限公司,1311
26635,有戲娛樂股份有限公司,1311
27462,有戲娛樂股份有限公司,1311
24818,有戲娛樂股份有限公司,1311
26439,有戲娛樂股份有限公司,1311
25116,有戲娛樂股份有限公司,1311
23843,有戲娛樂股份有限公司,1311
23409,有戲娛樂股份有限公司 ,1312
22671,有戲娛樂股份有限公司 ,1312
21822,有樂股份有限公司,1313
27925,有樂股份有限公司,1313
29057,木林電影有限公司,1314
21155,木林電影有限公司,1314
18531,木林電影有限公司,1314
26034,本地製作有限公司,1315
22231,本地製作有限公司,1315
28748,本地風光電影股份有限公司,1316
19183,本地風光電影股份有限公司,1316
3401,李念修,1317
27340,李鼎國際文化有限公司,1318
25150,杭州銀酷文化傳媒有限公司,1319
19357,杰威爾音樂有限公司,1320
20725,杰瑞音樂有限公司,1321
23139,杰瑞音樂有限公司,1321
20319,東台壹尺文化傳媒有限公司,1322
22082,東吳大學,1323
13730,東寶株式會社,1324
20343,東方影業出品有限公司,1325
26764,東方影業出品有限公司,1325
22231,東方影業出品有限公司,1325
29635,東方影業出品有限公司,1325
26555,東方晨翔文化投資（武漢）有限公司,1326
23367,東方神龍影業有限公司,1327
25063,東映ビデオ株式会社,1328
27228,東映株式會社,1329
28231,東映株式會社,1329
27159,東映株式會社,1329
29643,東映株式會社 	 ,1330
25424,東森電視事業股份有限公司,1331
25335,東森電視事業股份有限公司,1331
23535,東森電視事業股份有限公司 ,1332
22671,東森電視事業股份有限公司 ,1332
23409,東森電視事業股份有限公司 ,1332
28088,東橫一有限公司,1333
22082,東海大學,1334
20396,東海電影集團有限公司,1335
21373,東睿貨物通運企業股份有限公司,1336
27234,東遊記創意有限公司,1337
24663,東陽長庚影視文化有限公司,1338
20747,松澤國際影業股份有限公司,1339
21710,松竹 株式會社  Shochiku Co. Ltd.,1340
20301,松竹 株式會社 Shochiku Co. Ltd,1341
24477,"松竹株式会社SHOCHIKU CO., LTD.",1342
24481,"松竹株式会社SHOCHIKU CO., LTD.",1342
24482,"松竹株式会社SHOCHIKU CO., LTD.",1342
24478,"松竹株式会社SHOCHIKU CO., LTD.",1342
24479,"松竹株式会社SHOCHIKU CO., LTD.",1342
24480,"松竹株式会社SHOCHIKU CO., LTD.",1342
29755,松竹株式會社,1343
16901,松露文化創意有限公司,1344
25424,松露文化創意有限公司,1344
22615,林世菁,1345
26584,林宣瀚,1346
22613,林宣瀚,1346
25679,林柏瑜,1347
20853,林柏瑜,1347
29573,果子電影有限公司,1348
22926,果麥文化傳媒股份有限公司,1349
20552,株式会社サンライズ,1350
24529,株式会社トムス・エンタテインメント,1351
21383,株式会社トムス・エンタテインメント,1351
27668,株式会社トムス・エンタテインメント 	 ,1352
27283,株式会社トムス・エンタテインメント 	 ,1352
18704,株式会社プリュネ,1353
18531,株式会社ムーリンプロダクション,1354
23363,株式會社波麗佳音(PONY CANYON INC.),1355
18620,株瑞祐映畫社製作,1356
20319,桃河影業(北京)有限公司,1357
28395,梁維倫,1358
27925,森上娛樂國際有限公司 ,1359
21825,楊偉新,1360
25679,楊升豪,1361
25306,樂到家國際娛樂股份有限公司,1362
19269,樂到家國際娛樂股份有限公司,1362
26635,樂到家國際娛樂股份有限公司,1362
21785,樂到家國際娛樂股份有限公司,1362
27879,樂到家國際娛樂股份有限公司,1362
20477,樂到家國際娛樂股份有限公司,1362
23843,樂到家國際股份有限公司,1363
24818,樺麗探險有限公司,1364
29672,欣利投資有限公司,1365
20396,歡喜傳媒集團有限公司,1366
22791,歡歡喜喜(天津)文化投資有限公司,1367
28509,武替道電影製作有限公司,1368
26077,武漢傳奇人影視藝術有限公司,1369
25679,每丁每噹故事工作室,1370
26546,氧氣電影有限公司,1371
21785,氧氣電影有限公司,1371
25306,氧氣電影有限公司,1371
28748,氧氣電影有限公司,1371
25222,氧氣電影有限公司,1371
19183,氧氣電影有限公司,1371
19357,水花電影股份有限公司,1372
20054,永寧工作室,1373
25737,永瑞事業有限公司,1374
25150,江蘇六喜文化傳媒有限公司,1375
26560,江蘇幸福藍海影業有限責任公司,1376
27383,江蘇省電影集團有限公司,1377
22475,池上多力米股份有限公司,1378
13900,汯呄霖電影有限公司,1379
15447,汯呄霖電影有限公司,1379
26471,沃栢嘉文化傳播(上海)有限公司,1380
19630,沅珅科技有限公司,1381
25150,河南典潤文化傳媒有限公司,1382
23353,法人倍樂生株式會社,1383
20375,法務部調查局,1384
6581,法國在台協會,1385
19224,法國在台協會,1385
4575,法國在台協會,1385
24485,法國在台協會,1385
24483,法國在台協會,1385
28674,法國在台協會,1385
24484,法國在台協會,1385
25343,法國在台協會,1385
28673,法國在台協會,1385
28671,法國在台協會,1385
28669,法國在台協會,1385
25342,法國在台協會,1385
24032,法國在台協會,1385
24486,法國在台協會,1385
14496,波谷影片有限公司,1386
26555,泰洋川禾文化傳媒（天津）有限公司,1387
25994,泰豐禮品美術有限公司,1388
21423,津然影業（上海）有限公司,1389
26076,活水文化事業有限公司,1390
23873,流水落花製作有限公司,1391
21616,浙江天意影視有限公司,1392
20396,浙江影視（集團）有限公司 ,1393
26871,浙江東陽小宇宙影視傳媒有限公司,1394
24054,浙江東陽瀚雅映影視文化傳媒有限公司,1395
27178,浙江横店影業有限公司,1396
23702,浙江橫店影業有限公司,1397
27383,浙江橫店影業有限公司,1397
21423,浙江橫店影業有限公司,1397
20986,浙江橫店影業有限公司,1397
22926,浙江橫店影業有限公司,1397
26871,浙江橫店影業有限公司,1397
20396,浙江橫店影業有限公司 ,1398
21423,浙江畫眉影業有限公司,1399
20396,浙江省文化產業投資集團有限公司,1400
27383,浙江聯瑞木馬文化傳媒有限公司,1401
26555,浙江聯瑞木馬文化傳媒有限公司,1401
23702,浙江聯瑞木馬文化傳媒有限公司,1401
23190,浙江開心麻花影業有限公司,1402
18755,海之眼影像工作室,1403
23702,海南國梵影視文化傳播有限公司,1404
23190,海南樂鏡影視文化傳媒有限公司,1405
27178,海南禾光影業有限公司,1406
27178,海南虞安投資有限公司,1407
23190,海口西虹胡同影視文化有限公司,1408
22926,海口那可是家大影視文化有限公司,1409
25116,海棠果影業有限公司,1410
18190,海樂影業股份有限公司,1411
18550,海王天璽文化傳媒股份有限公司,1412
25182,海鵬影業有限公司,1413
14720,海鵬影業有限公司,1413
23377,海鵬影業有限公司,1413
20986,深圳二狐文化產業發展有限公司,1414
21423,深圳垚眾傳媒有限公司,1415
24054,深圳市三羊文化集團有限公司,1416
23702,深圳市中影南方電影新幹線有限公司,1417
22791,深圳市亞斯傳媒有限公司,1418
24054,深圳市新藝城影業有限公司,1419
23702,深圳市浩志文化傳媒有限公司,1420
29767,深圳市浩志文化傳媒有限公司,1420
26560,深圳市諦瓏影業有限公司,1421
23702,深圳廣電影視股份有限公司,1422
23702,深圳瀾瓊影視文化傳媒有限公司,1423
26077,深圳瀾瓊影視文化傳媒有限公司,1423
25222,添翼創越工作室,1424
22531,湠臺灣電影股份有限公司,1425
10916,湯臣(香港)電影有限公司,1426
27234,湯臣電影事業股份有限公司,1427
24663,溫柔鄉電影有限公司,1428
19729,滾動力股份有限公司,1429
26743,滿滿額創作香港有限公司,1430
19986,滿滿額創作香港有限公司,1430
20711,滿滿額娛樂股份有限公司,1431
25116,滿滿額娛樂股份有限公司,1431
19402,滿滿額娛樂股份有限公司,1431
27462,滿滿額娛樂股份有限公司,1431
23831,滿滿額娛樂股份有限公司,1431
24239,滿滿額娛樂股份有限公司,1431
25728,滿滿額娛樂股份有限公司,1431
17116,滿滿額娛樂股份有限公司,1431
23535,滿滿額娛樂股份有限公司 ,1432
22671,滿滿額娛樂股份有限公司 ,1432
23409,滿滿額娛樂股份有限公司 ,1432
28090,滿滿額娛樂股份有限公司(聯合出品公司),1433
20396,漢鼎宇佑傳媒科技有限公司 ,1434
28748,潤泰興股份有限公司,1435
23535,瀚草影視文化事業股份有限公司,1436
27567,無事股份有限公司,1437
28405,無米樂影像工作室,1438
29767,無錫三乘三影業有限公司,1439
26761,無錫加雄影業有限公司,1440
26034,無限動力實業有限公司,1441
26612,無限動力實業有限公司,1441
23702,無限動力實業有限公司,1441
26919,無限動力實業有限公司,1441
27383,無限動力實業有限公司,1441
16476,無限動力實業有限公司,1441
20396,無限頻率影視有限公司,1442
24054,無雙（深圳）影業有限公司,1443
21822,煉金術電影事業有限公司,1444
23964,燈火闌珊有限公司,1445
22614,燒聲娛樂實驗有限公司,1446
24023,牽猴子股份有限公司,1447
26439,牽猴子股份有限公司,1447
18550,犢影制作電影有限公司,1448
25590,狼谷娛樂股份有限公司,1449
25522,王品文,1450
29165,王子劍,1451
25590,王志祥,1452
26568,珠江影業傳媒股份有限公司,1453
23702,珠海市橫琴星匯影院經營管理有限公司,1454
20643,班迪國際有限公司,1455
21373,瑞陞運通有限公司,1456
24035,"瑪爾克電影有限公司,犢影制作電影有限公司,六六喜喜股份有限公司,巧克麗娛樂股份有限公司,有戲娛樂股份有限公司,喜滿客京華影城股份有限公司,相聚國際股份有限公司",1457
27925,瑪菲司股份有限公司,1458
25104,用心快樂社會企業股份有限公司,1459
28088,甯聚力文創事業有限公司,1460
26546,畢業生有限公司,1461
22614,畢業生有限公司,1461
27328,異象國際傳播有限公司,1462
27462,瘋念有限公司,1463
20867,登月人影業有限公司,1464
25306,發起日影視股份有限公司,1465
19630,白色影像製作股份有限公司,1466
16476,百代環球(北京)國際資產管理有限公司,1467
28748,百聿數碼創意股份有限公司,1468
19183,百聿數碼創意股份有限公司,1468
17116,百聿數碼創意股份有限公司,1468
26751,百聿數碼創意股份有限公司,1468
25149,百聿數碼創意股份有限公司,1468
26546,百聿數碼創意股份有限公司,1468
25222,百聿數碼創意股份有限公司,1468
25063,百聿數碼創意股份有限公司,1468
28090,百薇國際娛樂股份有限公司,1469
20725,皮諾丘電影事業有限公司,1470
19630,皮諾丘電影事業有限公司,1470
25306,皮諾丘電影事業有限公司,1470
21822,皮諾丘電影事業有限公司,1470
19729,益康顧問有限公司,1471
20396,盛耀蔚萊（北京）國際文化發展有限公司 ,1472
19729,盛青陽娛樂製作股份有限公司,1473
22080,目宿媒體股份有限公司,1474
21949,目宿媒體股份有限公司,1474
1585,目宿媒體股份有限公司,1474
21908,目宿媒體股份有限公司,1474
1626,目宿媒體股份有限公司,1474
21943,目宿媒體股份有限公司,1474
22179,目宿媒體股份有限公司,1474
1593,目宿媒體股份有限公司,1474
25897,目宿媒體股份有限公司,1474
20053,目宿媒體股份有限公司,1474
17831,目宿媒體股份有限公司,1474
21914,目宿媒體股份有限公司,1474
21887,目宿媒體股份有限公司,1474
21932,目宿媒體股份有限公司,1474
1586,目宿媒體股份有限公司,1474
1608,目宿媒體股份有限公司,1474
19987,目宿媒體股份有限公司,1474
21915,目宿媒體股份有限公司,1474
12489,相信音樂國際股份有限公司,1475
15876,相信音樂國際股份有限公司,1475
23926,相聚國際股份有限公司,1476
24663,眾合千澄影視文化傳媒有限公司,1477
23535,眾合千澄影視文化傳媒有限公司,1477
26751,眾合千澄影視文化傳媒有限公司,1477
23385,眾樂文化有限公司,1478
23714,砌禾數位動畫股份有限公司,1479
17116,硯石(廈門)文化傳媒有限公司,1480
22082,社團法人中華民國大渡山學會,1481
17116,神州娛樂股份有限公司,1482
25116,神州娛樂股份有限公司,1482
26077,福建自安然影業有限公司,1483
23408,禾力文創有限公司,1484
23394,禾豐九路娛樂有限公司,1485
24818,禾豐九路娛樂有限公司,1485
19269,禾豐九路娛樂有限公司,1485
25222,秀泰國際娛樂股份有限公司,1486
23843,秀泰集團,1487
27992,種子影業股份有限公司,1488
19065,稻田電影工作室有限公司,1489
25063,積木影像製作有限公司,1490
20646,空殼影像股份有限公司    ,1491
20176,童年漫畫股份有限公司,1492
25994,築間餐飲事業股份有限公司,1493
21200,簡單主張影音製作有限公司,1494
25994,米倉影業股份有限公司,1495
24214,米德媒體有限公司,1496
25104,米珞安影業製作有限公司,1497
26751,米神國際股份有限公司,1498
25335,米神國際股份有限公司,1498
20646,精漢堂影像有限公司,1499
23377,紅色製作有限公司,1500
27462,絕影股份有限公司,1501
25116,維太平洋有限公司,1502
22615,綺影映畫有限公司,1503
25590,緯來電視網股份有限公司,1504
28395,緯來電視網股份有限公司,1504
29012,總公司電影有限公司,1505
22613,繆克電影有限公司,1506
21822,罡風創意映像有限公司,1507
27017,羅苡珊,1508
23688,美亞娛樂發展股份有限公司,1509
23688,美亞長城傳媒（北京）有限公司,1510
23391,美亞電影製作有限公司,1511
23688,美亞電影製作有限公司,1511
21517,美亞電影製作有限公司,1511
29111,美力台灣3D協會,1512
18190,美商華納兄弟(遠東)股份有限公司台灣分公司,1513
25222,美學經濟國際股份有限公司,1514
19986,羚邦控股有限公司,1515
24239,羚邦控股有限公司,1515
25984,羚邦集團有限公司,1516
23409,群之噰傳播股份有限公司 ,1517
23409,群星瑞智國際藝能股份有限公司 ,1518
20531,群石國際有限公司,1519
29573,義良企業有限公司,1520
26751,翻滾吧男孩電影有限公司,1521
27567,老斑鳩影視文化有限公司,1522
17487,老灰狼影片製作有限公司,1523
19662,老頑童娛樂有限公司,1524
20396,耳東文化（北京）有限公司,1525
20354,聚星文創娛樂事業股份有限公司,1526
19269,聚星文創娛樂事業股份有限公司,1526
24818,聚星文創娛樂事業股份有限公司,1526
27879,聚星文創娛樂事業股份有限公司,1526
23535,聚星文創娛樂事業股份有限公司 ,1527
24014,聚星文創娛樂事業股份有限公司 ,1527
22671,聚星文創娛樂事業股份有限公司 ,1527
23409,聚星文創娛樂事業股份有限公司 ,1527
25104,聯合數位文創股份有限公司,1528
20986,聯瑞(上海)影業有限公司,1529
20396,聯瑞（上海）影業有限公司,1530
24981,聯瑞（上海）影業有限公司,1530
27383,聯瑞（上海）影業有限公司,1530
24818,能率影業股份有限公司,1531
19269,能率影業股份有限公司,1531
25116,能率影業股份有限公司,1531
21119,臺中拍,1532
27340,臺北市市場處,1533
18306,臺北市政府,1534
27340,臺北市政府文化局,1535
18306,臺北市政府文化局 高雄人,1536
25586,臺灣電視事業股份有限公司,1537
502,興揚電影有限公司,1538
24663,興揚電影有限公司,1538
24014,良人行影業有限公司,1539
19269,良人行影業有限公司,1539
27879,良人行影業有限公司,1539
24752,良人行影業有限公司,1539
20354,良人行影業有限公司 ,1540
23535,良人行影業有限公司 ,1540
22671,良人行影業有限公司 ,1540
23409,良人行影業有限公司 ,1540
22659,艾婷投資股份有限公司,1541
27462,艾德國際投資股份有限公司,1542
20646,艾德國際投資股份有限公司,1542
26546,艾慕影藝股份有限公司,1543
20477,艾迪昇傳播事業有限公司,1544
26664,艾迪昇傳播事業有限公司,1544
14720,花千樹電影有限公司(A THOUSAND TREE FILMS) 高雄人,1545
21801,花生映社有限公司,1546
21919,花生映社有限公司,1546
21978,花生映社有限公司,1546
22085,花生映社有限公司,1546
21812,花生映社有限公司,1546
20396,芳草地影視（北京）有限公司,1547
25149,英屬蓋曼群島商威望國際娛樂股份有限公司,1548
17126,英爾有限公司,1549
27822,英皇影業有限公司,1550
26471,英皇影業有限公司,1550
20822,英皇影業有限公司,1550
19159,英皇影業有限公司,1550
26567,英皇影業有限公司,1550
29429,英皇影業有限公司,1550
22182,英皇影業有限公司 ,1551
24132,"英皇影業有限公司,天津聯瑞影業有限公司,正夫影業有限公司,英皇（北京）影視文化傳媒,正夫君澤影視傳媒有限公司,阿那亞影視文化有限公司,天府正道影業有限公司,抖音文化（廈門）有限公司",1552
23535,英雄旅程股份有限公司 ,1553
21233,茂樹電影有限公司 高雄人,1554
29379,草字頭娛樂有限公司,1555
27961,莎美娜投資股份有限公司,1556
22614,莫比文化創意有限公司,1557
19319,菊地健興業有限公司,1558
19859,華夏電影發行有限責任公司,1559
26567,華夏電影發行有限責任公司,1559
20396,華夏電影發行有限責任公司,1559
26555,華夏電影發行有限責任公司,1559
25104,華影國際影藝有限公司,1560
25422,華文創股份有限公司,1561
19729,華文創股份有限公司,1561
24014,華文創股份有限公司 ,1562
23671,華文創股份有限公司 ,1562
20822,華文映像(北京)影業有限公司,1563
26560,華文映像(北京)影業有限公司,1563
19159,華文映像(北京)影業有限公司,1563
26471,華文映像(北京)影業有限公司,1563
20986,華文映像(北京)影業有限公司,1563
23190,華文映像(北京)影業有限公司,1563
29767,華文映像(北京)影業有限公司,1563
26568,華文映像（北京）影業有限公司,1564
27822,華文映像（北京）影業有限公司,1564
24981,華文映像（北京）影業有限公司,1564
26510,華文映像（北京）影業有限公司,1564
28780,華文映象（北京）影業有限公司,1565
26567,華文映象（北京）影業有限公司,1565
26612,華文映象（北京）影業有限公司,1565
28395,華映國際文創股份有限公司,1566
18550,華映娛樂股份有限公司,1567
19402,華映娛樂股份有限公司,1567
25422,華映娛樂股份有限公司,1567
23843,華映娛樂股份有限公司,1567
19183,華映娛樂股份有限公司,1567
24663,華映娛樂股份有限公司,1567
24054,華映娛樂股份有限公司,1567
26664,華映娛樂股份有限公司,1567
26546,華映娛樂股份有限公司,1567
27879,華映娛樂股份有限公司,1567
22084,華映娛樂股份有限公司,1567
25222,華映娛樂股份有限公司,1567
25306,華映娛樂股份有限公司,1567
25063,華映娛樂股份有限公司,1567
22108,華映娛樂股份有限公司,1567
20477,華映娛樂股份有限公司,1567
21785,華映娛樂股份有限公司,1567
27462,華映娛樂股份有限公司,1567
23843,華研國際音樂股份有限公司,1568
20747,華策影業 (香港) 有限公司,1569
20747,華策影業(天津) 有限公司,1570
20747,華策影視(北京)有限公司,1571
17116,華納集團,1572
26635,華能國際娛樂股份有限公司,1573
29767,華誼兄弟電影(佛山)有限公司,1574
22791,華誼兄弟電影有限公司,1575
29767,華誼兄弟電影有限公司,1575
20986,華誼兄弟電影有限公司,1575
22791,華鳴星空文化傳媒有限公司,1576
27925,華麗熊行銷有限公司,1577
19957,菲博瑞思文創娛樂有限公司,1578
23139,萊思捷有限公司,1579
24009,萬寶路影業有限公司,1580
19859,萬誘引力乙有限公司,1581
23635,萬誘引力乙有限公司,1581
26761,萬誘引力乙有限公司,1581
22420,萬誘引力乙有限公司,1581
27178,萬達電影股份有限公司,1582
23729,蔡崇隆,1583
24240,蕩麥影業（上海）有限公司,1584
20817,藝碩文創股份有限公司,1585
16508,藝英國際有限公司,1586
23623,藝行者有限公司,1587
23679,藝行者有限公司,1587
24981,蘇州宇墨映畫影視文化傳媒體有限公司,1588
26560,蘇州火花閃耀娛樂有限公司,1589
26560,蘇州藍白紅影業有限公司,1590
28736,蜂鳥影像有限公司,1591
23190,蜃景影視文化傳播(海口)有限公司,1592
22926,融創未來文化娛樂（北京）有限公司,1593
10375,融觀電影有限公司,1594
23926,衛山資本股份有限公司,1595
20396,西咸新區秦漢野馬文化產業發展有限公司  ,1596
26707,西安喬松文化傳媒有限公司,1597
22791,西安曲江影視投資(集團)有限公司,1598
26560,西安曲江影視投資(集團)有限公司,1598
23190,西虹市影視文化(天津)有限公司,1599
27462,要有有限公司,1600
24239,覓一有限公司,1601
26780,視納華仁文化傳播股份有限公司,1602
18796,視納華仁文化傳播股份有限公司,1602
22448,視納華仁文化傳播股份有限公司,1602
26795,角子影音製作有限公司,1603
27301,角川映畫株式會社,1604
26227,角川集團,1605
25679,許聖宗,1606
20817,許芳宜＆藝術家,1607
20646,語謙行銷有限公司,1608
25104,識富天使會,1609
28088,象新立文化事業有限公司,1610
25063,貝殼放大股份有限公司,1611
20270,財團法人何春木文教基金會,1612
20263,財團法人何春木文教基金會,1612
29502,財團法人優人文化藝術基金會,1613
28736,財團法人公共電視事業文化基金會,1614
25681,財團法人公共電視文化事業基金會,1615
23409,財團法人公共電視文化事業基金會,1615
22687,財團法人公共電視文化事業基金會,1615
15447,財團法人公共電視文化事業基金會,1615
25681,財團法人公共電視文化事業基金會,1615
22687,財團法人公共電視文化事業基金會,1615
25681,財團法人公共電視文化事業基金會,1615
27660,財團法人公共電視文化事業基金會,1615
28405,財團法人公共電視文化事業基金會,1615
20203,財團法人公共電視文化事業基金會,1615
22687,財團法人公共電視文化事業基金會,1615
20867,財團法人公共電視文化事業基金會,1615
28395,財團法人台亞醫療公益基金會,1616
18306,財團法人台北市文化基金會,1617
23926,財團法人台北市文化基金會台北市電影委員會,1618
24066,財團法人台北市文化基金會台北市電影委員會,1618
25182,財團法人台北市文化基金會台北市電影委員會,1618
12575,財團法人國家電影中心,1619
19400,財團法人國際佛教法林基金會 ,1620
29430,財團法人天下雜誌教育基金會,1621
20052,財團法人天主教失智老人社會福利基金會,1622
27443,財團法人天主教失智老人社會福利基金會,1622
22448,財團法人弘道老人福利基金會 ,1623
19320,財團法人彩晶文教基金會,1624
27175,財團法人楊英風藝術教育基金會,1625
19064,財團法人臺中市影視發展基金會,1626
23926,財團法人臺中市影視發展基金會,1626
25590,財團法人臺中市影視發展基金會,1626
26780,財團法人蔣見美教授文教基金會,1627
502,財團法人高雄市文化基金會,1628
11237,赤角（北京）文化傳播有限公司,1629
19250,赤角（北京）文化傳播有限公司,1629
25116,超級娛樂有限公司,1630
27462,超級娛樂有限公司,1630
29635,超級子彈影業有限公司,1631
19159,超級子彈影業有限公司,1631
24023,路野生態影像有限公司,1632
20312,車庫娛樂股份有限公司,1633
23355,車庫影業股份有限公司,1634
26664,轅年視覺創意股份有限公司,1635
28395,轅年視覺創意股份有限公司,1635
20747,逞能影視製作(北京) 有限公司,1636
19064,遊戲橘子數位科技股份有限公司,1637
27961,運永投資有限公司,1638
22673,那時此刻股份有限公司,1639
23440,邵氏兄弟國際影業有限公司,1640
20396,邵氏兄弟國際影業有限公司,1640
21822,采昌國際多媒體股份有限公司,1641
22791,重慶潤錦滙影視文化傳媒有限公司,1642
26560,重慶電影集團有限公司,1643
23535,金盞花大影業股份有限公司 ,1644
27945,金華市奶昔映畫影視文化傳媒有限公司,1645
19729,金贊實業有限公司,1646
21747,金銀島製作有限公司,1647
23611,鈊象電子股份有限公司,1648
27506,銀翼文創有限公司,1649
25150,銀都機構有限公司,1650
26612,銀都機構有限公司,1650
23702,銀都機構有限公司,1650
19159,銀都機構有限公司,1650
27383,銀都機構有限公司,1650
24730,"銀都機構有限公司,步登高影像有限公司,博納影視娛樂有限公司,北京博納影業集團有限公司,阿里巴巴影業(北京)有限公司,上海博納文化傳媒有限公司",1651
23702,銀都機構（廣州）影視文化有限公司,1652
25104,鏡文學股份有限公司,1653
21785,鏡文學股份有限公司,1653
28748,鏡文學股份有限公司,1653
23843,鏡文學股份有限公司,1653
19183,鏡文學股份有限公司,1653
23190,長影時代傳媒股份有限公司,1654
19319,長龢有限公司,1655
19319,阿榮影業股份有限公司,1656
25728,阿榮影業股份有限公司,1656
24752,阿榮影業股份有限公司,1656
27873,阿榮影業股份有限公司,1656
25116,阿榮影業股份有限公司,1656
502,阿榮影業股份有限公司,1656
28090,阿榮影業股份有限公司(聯合出品公司),1657
20986,阿里巴巴影業(北京)有限公司,1658
29429,阿里巴巴影業娛樂傳媒有限公司,1659
23635,阿里巴巴影業娛樂傳媒有限公司,1659
22926,阿里巴巴影業（北京）有限公司,1660
22630,阿里巴巴影業（北京）有限公司,1660
20396,阿里巴巴影業（北京）有限公司,1660
21179,陳勇瑞,1661
16476,雅美星有限公司,1662
28395,雪巴影視股份有限公司,1663
27462,雪巴影視股份有限公司,1663
26560,雲南金彩視界影業股份有限公司,1664
25150,雲南金彩視界影業股份有限公司,1664
27462,雲諾運動文教股份有限公司,1665
25424,雲諾運動文教股份有限公司,1665
27961,雷宮製作有限公司,1666
19859,電訊盈科媒體有限公司 ,1667
21616,霍爾果斯佰安影業有限公司,1668
22926,霍爾果斯有忻影業有限公司,1669
16476,霍爾果斯泰洋川禾文化傳媒有限公司,1670
21616,霍爾果斯聚合影聯文化傳媒有限公司,1671
22926,霍爾果斯聯瑞影業有限公司,1672
27178,霍爾果斯聯瑞木馬影視傳媒有限公司,1673
20396,霍爾果斯金逸影業有限公司 ,1674
21839,霹靂國際多媒體股份有限公司,1675
25335,霹靂國際多媒體股份有限公司,1675
26751,霹靂國際多媒體股份有限公司,1675
25590,霹靂國際多媒體股份有限公司,1675
20175,霹靂國際多媒體股份有限公司,1675
21731,霹靂國際多媒體股分有限公司,1676
29672,靈英基金會,1677
28780,青島明英影業有限公司,1678
22791,青島翰洺影業有限公司,1679
23506,青睞影視製作股份有限公司,1680
20319,青鳥影業(上海)有限公司,1681
23439,青鳥電影製片有限公司,1682
16901,非凡娛樂製作有限公司,1683
21423,非洋娛樂傳媒（北京）有限公司,1684
19319,風度國際有限公司,1685
23926,風度國際股份有限公司,1686
28827,飛昇國際娛樂有限公司,1687
21165,飛望影像有限公司,1688
28363,飛望影像有限公司,1688
25862,飛望影像有限公司,1688
20867,飛望影像有限公司,1688
21839,飛爾創意有限公司,1689
19957,飛爾創意有限公司,1689
19122,飛行圓國際有限公司,1690
29672,香港亞洲文化傳播有限公司,1691
23926,香港商甲上娛樂有限公司台灣分公司,1692
18190,香港商福斯傳媒有限公司台灣分公司,1693
24752,香港托特智能有限公司,1694
21747,香港電影發展基金,1695
23635,香港電影發展基金,1695
23391,香港電影發展基金,1695
26743,香港電影發展基金,1695
22231,香港電影發展基金,1695
29672,香港電影發展基金會及文創產業發展處,1696
19159,香港騰訊影業有限公司,1697
24054,香蕉映畫有限公司,1698
21822,馬棋朵數位影像製作有限公司,1699
18550,馬棋朵數位影像製作有限公司,1699
27925,馬棋朵數位影像製作有限公司,1699
20725,馬棋朵數位影像製作有限公司,1699
27462,馬氏影業工作室,1700
20867,駕絲齋影像美術設計,1701
25150,駿和影業務（北京）有限公司,1702
21423,騰訊影業文化傳播有限公司,1703
19159,騰訊影業文化傳播有限公司,1703
23190,騰訊影業文化傳播有限公司,1703
23688,高寶集團影視有限公司,1704
23688,高益創新投資公共有限公司,1705
29573,高雄人,1706
26872,高雄人,1706
23934,高雄人,1706
21119,高雄人,1706
27567,高雄人,1706
20646,高雄人（高雄市電影館）,1707
25590,高雄市電影館,1708
22687,高雄市電影館,1708
22687,高雄市電影館,1708
19402,高雄市電影館,1708
25681,高雄市電影館,1708
25681,高雄市電影館,1708
25681,高雄市電影館,1708
22687,高雄市電影館,1708
23701,高雄市電影館（高雄人）,1709
25063,高雄統夢秀泰影城股份有限公司,1710
23831,高雄電影館,1711
26893,鬆鬆影視有限公司,1712
24214,魔森內容映畫股份有限公司,1713
23961,魚禾草影像有限公司,1714
21087,鯤鯓影像有限公司,1715
27484,鳥瞰製作有限公司,1716
24257,鳳鳴國際影業有限公司,1717
23795,鴻奇文化事業有限公司,1718
20005,鴻奇文化事業有限公司,1718
28395,鴻聯國際開發股份有限公司,1719
29795,鴻聯國際開發股份有限公司,1719
29122,鴻聯國際開發股份有限公司,1719
25116,鷹美影業有限公司,1720
27462,鷹美影業有限公司,1720
20920,鹿一電影製作有限公司,1721
19662,鹿橋文化事業股份有限公司,1722
19402,鹿路電影有限公司,1723
26635,麗富開發股份有限公司,1724
28636,麵包情人電影有限公司,1725
19269,麻吉砥加電影有限公司,1726
22659,麻吉砥加電影有限公司,1726
23394,麻吉砥加電影有限公司,1726
25104,麻吉砥加電影有限公司,1726
24818,麻吉砥加電影有限公司,1726
25590,黃人有限公司,1727
20262,黃明川,1728
1394,黃明川電影視訊有限公司,1729
18618,黃明川電影視訊有限公司,1729
25587,黃琇怡,1730
26479,黑石映像傳播製作社,1731
23835,黑科技電影工作室,1732
15629,黑糖媒體創意有限公司,1733
23385,點對點製作有限公司,1734
27506,點對點製作有限公司,1734
29672,鼎鈞投資有限公司,1735
19319,齊石傳播有限公司,1736
22901,ＭＫ2 Films,1737
